total_vehicles,avg_speed_kmh,avg_wait_s,max_wait_s,throughput,departed,speed_ma5,wait_ma5,vehicle_ma5,efficiency,traffic_pressure,congestion_index,final_state,predicted_state,prediction_correct,prob_Bình thường,prob_Chậm,prob_Tắc nghẽn
0,0.0,0.0,0.0,0,0,0.0,0.0,0.0,0.0,0.0,0.6,Tắc nghẽn,Tắc nghẽn,1,0.1209,0.1066,0.7725
19,33.82,0.11,2.0,0,0,16.91,0.055,9.5,0.0,0.06,0.195,Bình thường,Bình thường,1,0.9467,0.0516,0.0017
37,30.09,0.89,12.0,0,0,21.30333333333333,0.3333333333333333,18.666666666666668,0.0,1.059,0.242,Bình thường,Bình thường,1,0.9469,0.0514,0.0017
49,29.04,0.94,14.0,0,0,23.2375,0.485,26.25,0.0,1.533,0.255,Bình thường,Bình thường,1,0.917,0.0814,0.0016
49,24.65,1.71,11.0,0,0,23.52,0.73,30.8,0.0,3.267,0.31,Chậm,Chậm,1,0.2262,0.7718,0.002
49,25.17,3.39,21.0,0,4,28.554,1.408,40.6,0.0,6.347,0.309,Bình thường,Bình thường,1,0.9313,0.066,0.0028
45,25.5,5.09,31.0,0,0,26.890000000000004,2.404,45.8,0.0,8.643,0.311,Bình thường,Bình thường,1,0.8919,0.1065,0.0016
44,25.35,7.66,41.0,1,0,25.942,3.758,47.2,0.0227272727272727,12.791,0.321,Bình thường,Bình thường,1,0.8981,0.1003,0.0016
43,21.31,9.42,51.0,2,0,24.396,5.454000000000001,46.0,0.0465116279069767,18.156,0.376,Chậm,Chậm,1,0.0799,0.9181,0.002
45,24.44,10.42,59.0,0,0,24.354000000000003,7.196000000000001,45.2,0.0,18.432,0.341,Chậm,Chậm,1,0.1341,0.8639,0.002
49,23.76,12.88,69.0,0,0,24.072000000000003,9.094,45.2,0.0,25.489,0.358,Chậm,Chậm,1,0.0474,0.9507,0.002
50,19.11,16.72,79.0,0,7,22.794,11.419999999999998,46.2,0.0,41.571,0.426,Chậm,Chậm,1,0.026,0.6337,0.3403
43,17.25,22.67,89.0,0,0,21.174,14.422,46.0,0.0,53.414,0.469,Chậm,Chậm,1,0.0325,0.9636,0.004
50,18.78,17.6,99.0,0,0,20.668,16.058,47.4,0.0,44.489,0.433,Chậm,Chậm,1,0.026,0.9659,0.0081
50,13.96,22.86,109.0,0,0,18.572,18.546,48.4,0.0,76.404,0.509,Chậm,Chậm,1,0.0232,0.9582,0.0186
49,10.92,30.12,119.0,0,0,16.003999999999998,21.994,48.4,0.0,123.815,0.569,Chậm,Chậm,1,0.0228,0.946,0.0312
49,7.3,37.45,129.0,1,0,13.642,26.14,48.2,0.0204081632653061,221.09,0.637,Tắc nghẽn,Tắc nghẽn,1,0.0105,0.4697,0.5198
50,6.24,43.86,139.0,0,2,11.44,30.378,49.6,0.0,302.901,0.671,Tắc nghẽn,Tắc nghẽn,1,0.001,0.0301,0.9689
49,6.32,52.18,149.0,0,0,8.948,37.294,49.4,0.0,349.292,0.698,Tắc nghẽn,Tắc nghẽn,1,0.0014,0.2049,0.7937
50,4.86,59.62,159.0,0,0,7.128,44.646,49.4,0.0,508.703,0.74,Tắc nghẽn,Tắc nghẽn,1,0.001,0.1316,0.8674
50,1.46,68.68,169.0,0,0,5.236,52.35799999999999,49.6,0.0,1395.935,0.811,Tắc nghẽn,Tắc nghẽn,1,0.001,0.064,0.935
50,0.72,78.4,179.0,0,0,3.92,60.548,49.8,0.0,2279.07,0.853,Tắc nghẽn,Tắc nghẽn,1,0.001,0.0339,0.9651
50,1.62,87.32,189.0,0,0,2.996,69.24,49.8,0.0,1666.412,0.872,Tắc nghẽn,Tắc nghẽn,1,0.001,0.0239,0.9751
50,1.32,96.92,199.0,0,0,1.996,78.188,50.0,0.0,2088.793,0.907,Tắc nghẽn,Tắc nghẽn,1,0.001,0.0152,0.9838
50,1.93,106.52,209.0,0,0,1.41,87.56800000000001,50.0,0.0,1817.747,0.932,Tắc nghẽn,Tắc nghẽn,1,0.001,0.0115,0.9875
50,1.91,116.12,219.0,0,0,1.5,97.056,50.0,0.0,1995.189,0.964,Tắc nghẽn,Tắc nghẽn,1,0.001,0.0085,0.9905
50,0.99,125.78,229.0,0,0,1.554,106.532,50.0,0.0,3160.302,0.988,Tắc nghẽn,Tắc nghẽn,1,0.001,0.0077,0.9913
50,0.94,135.58,239.0,0,0,1.418,116.184,50.0,0.0,3494.33,0.989,Tắc nghẽn,Tắc nghẽn,1,0.001,0.0059,0.9932
50,0.47,145.38,249.0,0,0,1.248,125.876,50.0,0.0,4944.898,0.994,Tắc nghẽn,Tắc nghẽn,1,0.001,0.0055,0.9936
50,0.91,155.18,259.0,0,0,1.044,135.608,50.0,0.0,4062.304,0.989,Tắc nghẽn,Tắc nghẽn,1,0.001,0.0052,0.9938
50,0.94,164.98,269.0,0,0,0.85,145.38,50.0,0.0,4252.062,0.989,Tắc nghẽn,Tắc nghẽn,1,0.001,0.0049,0.9941
50,1.0,174.78,279.0,0,0,0.852,155.18,50.0,0.0,4369.5,0.988,Tắc nghẽn,Tắc nghẽn,1,0.001,0.0065,0.9925
50,0.96,184.58,289.0,0,0,0.8560000000000001,164.98,50.0,0.0,4708.673,0.988,Tắc nghẽn,Tắc nghẽn,1,0.001,0.0049,0.9941
50,0.59,194.38,299.0,0,0,0.8800000000000001,174.78,50.0,0.0,6112.579,0.993,Tắc nghẽn,Tắc nghẽn,1,0.001,0.0048,0.9942
50,0.94,204.18,309.0,0,0,0.8859999999999999,184.58,50.0,0.0,5262.371,0.989,Tắc nghẽn,Tắc nghẽn,1,0.001,0.0048,0.9942
50,0.0,214.06,319.0,0,0,0.698,194.396,50.0,0.0,10703.0,1.0,Tắc nghẽn,Tắc nghẽn,1,0.001,0.0043,0.9947
50,0.0,224.06,329.0,0,0,0.4979999999999999,204.252,50.0,0.0,11203.0,1.0,Tắc nghẽn,Tắc nghẽn,1,0.001,0.0041,0.9949
50,0.0,234.06,339.0,0,0,0.3059999999999999,214.148,50.0,0.0,11703.0,1.0,Tắc nghẽn,Tắc nghẽn,1,0.001,0.0039,0.9951
50,0.0,244.06,349.0,0,0,0.188,224.084,50.0,0.0,12203.0,1.0,Tắc nghẽn,Tắc nghẽn,1,0.001,0.0037,0.9953
50,0.0,254.06,359.0,0,0,0.0,234.06,50.0,0.0,12703.0,1.0,Tắc nghẽn,Tắc nghẽn,1,0.001,0.0036,0.9954
50,0.0,264.06,369.0,0,0,0.0,244.06000000000003,50.0,0.0,13203.0,1.0,Tắc nghẽn,Tắc nghẽn,1,0.001,0.0035,0.9955
50,0.0,274.06,379.0,0,0,0.0,254.06,50.0,0.0,13703.0,1.0,Tắc nghẽn,Tắc nghẽn,1,0.001,0.0035,0.9955
50,0.0,284.06,389.0,0,0,0.0,264.06000000000006,50.0,0.0,14203.0,1.0,Tắc nghẽn,Tắc nghẽn,1,0.001,0.0035,0.9955
50,0.0,294.06,399.0,0,0,0.0,274.06000000000006,50.0,0.0,14703.0,1.0,Tắc nghẽn,Tắc nghẽn,1,0.001,0.0034,0.9956
50,0.0,304.06,409.0,0,0,0.0,284.06,50.0,0.0,15203.0,1.0,Tắc nghẽn,Tắc nghẽn,1,0.001,0.0034,0.9956
50,0.0,314.06,419.0,0,0,0.0,294.06,50.0,0.0,15703.0,1.0,Tắc nghẽn,Tắc nghẽn,1,0.001,0.0034,0.9956
50,0.0,324.06,429.0,0,0,0.0,304.06000000000006,50.0,0.0,16203.0,1.0,Tắc nghẽn,Tắc nghẽn,1,0.001,0.0034,0.9956
50,0.0,334.06,439.0,0,0,0.0,314.06000000000006,50.0,0.0,16703.0,1.0,Tắc nghẽn,Tắc nghẽn,1,0.001,0.0033,0.9957
50,0.0,344.06,449.0,0,0,0.0,324.06,50.0,0.0,17203.0,1.0,Tắc nghẽn,Tắc nghẽn,1,0.001,0.0033,0.9957
50,0.0,354.06,459.0,0,0,0.0,334.06,50.0,0.0,17703.0,1.0,Tắc nghẽn,Tắc nghẽn,1,0.001,0.0033,0.9957
50,0.0,364.06,469.0,0,0,0.0,344.06000000000006,50.0,0.0,18203.0,1.0,Tắc nghẽn,Tắc nghẽn,1,0.001,0.0033,0.9958
50,0.0,374.06,479.0,0,0,0.0,354.06000000000006,50.0,0.0,18703.0,1.0,Tắc nghẽn,Tắc nghẽn,1,0.001,0.0032,0.9958
50,0.0,384.06,489.0,0,0,0.0,364.06,50.0,0.0,19203.0,1.0,Tắc nghẽn,Tắc nghẽn,1,0.001,0.0032,0.9958
50,0.0,394.06,499.0,0,0,0.0,374.06,50.0,0.0,19703.0,1.0,Tắc nghẽn,Tắc nghẽn,1,0.001,0.0032,0.9958
50,0.0,404.06,509.0,0,0,0.0,384.06000000000006,50.0,0.0,20203.0,1.0,Tắc nghẽn,Tắc nghẽn,1,0.001,0.0032,0.9959
50,0.0,414.06,519.0,0,0,0.0,394.06000000000006,50.0,0.0,20703.0,1.0,Tắc nghẽn,Tắc nghẽn,1,0.001,0.0031,0.9959
50,0.0,424.06,529.0,0,0,0.0,404.06,50.0,0.0,21203.0,1.0,Tắc nghẽn,Tắc nghẽn,1,0.001,0.0031,0.9959
50,0.0,434.06,539.0,0,0,0.0,414.06000000000006,50.0,0.0,21703.0,1.0,Tắc nghẽn,Tắc nghẽn,1,0.001,0.0031,0.9959
50,0.0,444.06,549.0,0,0,0.0,424.06000000000006,50.0,0.0,22203.0,1.0,Tắc nghẽn,Tắc nghẽn,1,0.001,0.0031,0.996
50,0.0,454.06,559.0,0,0,0.0,434.06000000000006,50.0,0.0,22703.0,1.0,Tắc nghẽn,Tắc nghẽn,1,0.001,0.003,0.996
50,0.0,464.06,569.0,0,0,0.0,444.06000000000006,50.0,0.0,23203.0,1.0,Tắc nghẽn,Tắc nghẽn,1,0.001,0.003,0.996
50,0.0,474.06,579.0,0,0,0.0,454.06000000000006,50.0,0.0,23703.0,1.0,Tắc nghẽn,Tắc nghẽn,1,0.001,0.003,0.996
50,0.0,484.06,589.0,0,0,0.0,464.06000000000006,50.0,0.0,24203.0,1.0,Tắc nghẽn,Tắc nghẽn,1,0.001,0.003,0.996
50,0.0,494.06,599.0,0,0,0.0,474.06000000000006,50.0,0.0,24703.0,1.0,Tắc nghẽn,Tắc nghẽn,1,0.001,0.0029,0.9961
50,0.0,504.06,609.0,0,0,0.0,484.06000000000006,50.0,0.0,25203.0,1.0,Tắc nghẽn,Tắc nghẽn,1,0.001,0.0029,0.9961
50,0.0,514.06,619.0,0,0,0.0,494.06000000000006,50.0,0.0,25703.0,1.0,Tắc nghẽn,Tắc nghẽn,1,0.001,0.0029,0.9961
50,0.0,524.06,629.0,0,0,0.0,504.06000000000006,50.0,0.0,26203.0,1.0,Tắc nghẽn,Tắc nghẽn,1,0.001,0.0029,0.9961
50,0.0,534.06,639.0,0,0,0.0,514.0600000000001,50.0,0.0,26703.0,1.0,Tắc nghẽn,Tắc nghẽn,1,0.001,0.0029,0.9962
50,0.0,544.06,649.0,0,0,0.0,524.0600000000001,50.0,0.0,27203.0,1.0,Tắc nghẽn,Tắc nghẽn,1,0.001,0.0028,0.9962
50,0.0,554.06,659.0,0,0,0.0,534.0599999999998,50.0,0.0,27703.0,1.0,Tắc nghẽn,Tắc nghẽn,1,0.001,0.0028,0.9962
50,0.0,564.06,669.0,0,0,0.0,544.0600000000001,50.0,0.0,28203.0,1.0,Tắc nghẽn,Tắc nghẽn,1,0.001,0.0028,0.9962
50,0.0,574.06,679.0,0,0,0.0,554.0599999999998,50.0,0.0,28703.0,1.0,Tắc nghẽn,Tắc nghẽn,1,0.001,0.0028,0.9962
50,0.0,584.06,689.0,0,0,0.0,564.0600000000001,50.0,0.0,29203.0,1.0,Tắc nghẽn,Tắc nghẽn,1,0.001,0.0028,0.9963
50,0.0,594.06,699.0,0,0,0.0,574.0599999999998,50.0,0.0,29703.0,1.0,Tắc nghẽn,Tắc nghẽn,1,0.001,0.0027,0.9963
50,0.0,604.06,709.0,0,0,0.0,584.0600000000001,50.0,0.0,30203.0,1.0,Tắc nghẽn,Tắc nghẽn,1,0.001,0.0027,0.9963
50,0.0,614.06,719.0,0,0,0.0,594.0599999999998,50.0,0.0,30703.0,1.0,Tắc nghẽn,Tắc nghẽn,1,0.001,0.0027,0.9963
50,0.0,624.06,729.0,0,0,0.0,604.0600000000001,50.0,0.0,31203.0,1.0,Tắc nghẽn,Tắc nghẽn,1,0.001,0.0027,0.9963
50,0.0,634.06,739.0,0,0,0.0,614.0599999999998,50.0,0.0,31703.0,1.0,Tắc nghẽn,Tắc nghẽn,1,0.001,0.0027,0.9964
50,0.0,644.06,749.0,0,0,0.0,624.0600000000001,50.0,0.0,32203.0,1.0,Tắc nghẽn,Tắc nghẽn,1,0.001,0.0026,0.9964
50,0.0,654.06,759.0,0,0,0.0,634.0599999999998,50.0,0.0,32703.0,1.0,Tắc nghẽn,Tắc nghẽn,1,0.001,0.0026,0.9964
50,0.0,664.06,769.0,0,0,0.0,644.0600000000001,50.0,0.0,33203.0,1.0,Tắc nghẽn,Tắc nghẽn,1,0.001,0.0026,0.9964
50,0.0,674.06,779.0,0,0,0.0,654.0599999999998,50.0,0.0,33703.0,1.0,Tắc nghẽn,Tắc nghẽn,1,0.001,0.0026,0.9964
50,0.0,684.06,789.0,0,0,0.0,664.0600000000001,50.0,0.0,34203.0,1.0,Tắc nghẽn,Tắc nghẽn,1,0.001,0.0026,0.9964
50,0.0,694.06,799.0,0,0,0.0,674.0599999999998,50.0,0.0,34703.0,1.0,Tắc nghẽn,Tắc nghẽn,1,0.001,0.0025,0.9965
50,0.0,704.06,809.0,0,0,0.0,684.0600000000001,50.0,0.0,35203.0,1.0,Tắc nghẽn,Tắc nghẽn,1,0.001,0.0025,0.9965
50,0.0,714.06,819.0,0,0,0.0,694.0599999999998,50.0,0.0,35703.0,1.0,Tắc nghẽn,Tắc nghẽn,1,0.001,0.0025,0.9965
50,0.0,724.06,829.0,0,0,0.0,704.0600000000001,50.0,0.0,36203.0,1.0,Tắc nghẽn,Tắc nghẽn,1,0.001,0.0025,0.9965
50,0.0,734.06,839.0,0,0,0.0,714.0599999999998,50.0,0.0,36703.0,1.0,Tắc nghẽn,Tắc nghẽn,1,0.001,0.0025,0.9965
50,0.0,744.06,849.0,0,0,0.0,724.0600000000001,50.0,0.0,37203.0,1.0,Tắc nghẽn,Tắc nghẽn,1,0.001,0.0025,0.9965
50,0.0,754.06,859.0,0,0,0.0,734.0599999999998,50.0,0.0,37703.0,1.0,Tắc nghẽn,Tắc nghẽn,1,0.001,0.0024,0.9966
50,0.0,764.06,869.0,0,0,0.0,744.0600000000001,50.0,0.0,38203.0,1.0,Tắc nghẽn,Tắc nghẽn,1,0.001,0.0024,0.9966
50,0.0,774.06,879.0,0,0,0.0,754.0599999999998,50.0,0.0,38703.0,1.0,Tắc nghẽn,Tắc nghẽn,1,0.001,0.0024,0.9966
50,0.0,784.06,889.0,0,0,0.0,764.0600000000001,50.0,0.0,39203.0,1.0,Tắc nghẽn,Tắc nghẽn,1,0.001,0.0024,0.9966
50,0.0,794.06,899.0,0,0,0.0,774.0599999999998,50.0,0.0,39703.0,1.0,Tắc nghẽn,Tắc nghẽn,1,0.001,0.0024,0.9966
50,0.0,804.06,909.0,0,0,0.0,784.0600000000001,50.0,0.0,40203.0,1.0,Tắc nghẽn,Tắc nghẽn,1,0.001,0.0024,0.9966
50,0.0,814.06,919.0,0,0,0.0,794.0599999999998,50.0,0.0,40703.0,1.0,Tắc nghẽn,Tắc nghẽn,1,0.001,0.0023,0.9967
50,0.0,824.06,929.0,0,0,0.0,804.0600000000001,50.0,0.0,41203.0,1.0,Tắc nghẽn,Tắc nghẽn,1,0.001,0.0023,0.9967
50,0.0,834.06,939.0,0,0,0.0,814.0599999999998,50.0,0.0,41703.0,1.0,Tắc nghẽn,Tắc nghẽn,1,0.001,0.0023,0.9967
50,0.0,844.06,949.0,0,0,0.0,824.0600000000001,50.0,0.0,42203.0,1.0,Tắc nghẽn,Tắc nghẽn,1,0.001,0.0023,0.9967
50,0.0,854.06,959.0,0,0,0.0,834.0599999999998,50.0,0.0,42703.0,1.0,Tắc nghẽn,Tắc nghẽn,1,0.001,0.0023,0.9967
50,0.0,864.06,969.0,0,0,0.0,844.0600000000001,50.0,0.0,43203.0,1.0,Tắc nghẽn,Tắc nghẽn,1,0.001,0.0023,0.9967
50,0.0,874.06,979.0,0,0,0.0,854.0599999999998,50.0,0.0,43703.0,1.0,Tắc nghẽn,Tắc nghẽn,1,0.001,0.0023,0.9967
50,0.0,884.06,989.0,0,0,0.0,864.0600000000001,50.0,0.0,44203.0,1.0,Tắc nghẽn,Tắc nghẽn,1,0.001,0.0022,0.9968
50,0.0,894.06,999.0,0,0,0.0,874.0599999999998,50.0,0.0,44703.0,1.0,Tắc nghẽn,Tắc nghẽn,1,0.001,0.0022,0.9968
50,0.0,904.06,1009.0,0,0,0.0,884.0600000000001,50.0,0.0,45203.0,1.0,Tắc nghẽn,Tắc nghẽn,1,0.001,0.0022,0.9968
50,0.0,914.06,1019.0,0,0,0.0,894.0599999999998,50.0,0.0,45703.0,1.0,Tắc nghẽn,Tắc nghẽn,1,0.001,0.0022,0.9968
50,0.0,924.06,1029.0,0,0,0.0,904.06,50.0,0.0,46203.0,1.0,Tắc nghẽn,Tắc nghẽn,1,0.001,0.0022,0.9968
50,0.0,934.06,1039.0,0,0,0.0,914.0599999999998,50.0,0.0,46703.0,1.0,Tắc nghẽn,Tắc nghẽn,1,0.001,0.0022,0.9968
50,0.0,944.06,1049.0,0,0,0.0,924.06,50.0,0.0,47203.0,1.0,Tắc nghẽn,Tắc nghẽn,1,0.001,0.0022,0.9968
50,0.0,954.06,1059.0,0,0,0.0,934.0599999999998,50.0,0.0,47703.0,1.0,Tắc nghẽn,Tắc nghẽn,1,0.001,0.0022,0.9969
50,0.0,964.06,1069.0,0,0,0.0,944.06,50.0,0.0,48203.0,1.0,Tắc nghẽn,Tắc nghẽn,1,0.001,0.0021,0.9969
50,0.0,974.06,1079.0,0,0,0.0,954.0599999999998,50.0,0.0,48703.0,1.0,Tắc nghẽn,Tắc nghẽn,1,0.001,0.0021,0.9969
50,0.0,984.06,1089.0,0,0,0.0,964.06,50.0,0.0,49203.0,1.0,Tắc nghẽn,Tắc nghẽn,1,0.001,0.0021,0.9969
50,0.0,994.06,1099.0,0,0,0.0,974.0599999999998,50.0,0.0,49703.0,1.0,Tắc nghẽn,Tắc nghẽn,1,0.001,0.0021,0.9969
50,0.0,1004.06,1109.0,0,0,0.0,984.06,50.0,0.0,50203.0,1.0,Tắc nghẽn,Tắc nghẽn,1,0.001,0.0021,0.9969
50,0.0,1014.06,1119.0,0,0,0.0,994.0599999999998,50.0,0.0,50703.0,1.0,Tắc nghẽn,Tắc nghẽn,1,0.001,0.0021,0.9969
50,0.0,1024.06,1129.0,0,0,0.0,1004.06,50.0,0.0,51203.0,1.0,Tắc nghẽn,Tắc nghẽn,1,0.001,0.0021,0.9969
50,0.0,1034.06,1139.0,0,0,0.0,1014.0599999999998,50.0,0.0,51703.0,1.0,Tắc nghẽn,Tắc nghẽn,1,0.001,0.0021,0.997
50,0.0,1044.06,1149.0,0,0,0.0,1024.06,50.0,0.0,52203.0,1.0,Tắc nghẽn,Tắc nghẽn,1,0.001,0.002,0.997
50,0.0,1054.06,1159.0,0,0,0.0,1034.06,50.0,0.0,52703.0,1.0,Tắc nghẽn,Tắc nghẽn,1,0.001,0.002,0.997
50,0.0,1064.06,1169.0,0,0,0.0,1044.06,50.0,0.0,53203.0,1.0,Tắc nghẽn,Tắc nghẽn,1,0.001,0.002,0.997
50,0.0,1074.06,1179.0,0,0,0.0,1054.06,50.0,0.0,53703.0,1.0,Tắc nghẽn,Tắc nghẽn,1,0.001,0.002,0.997
50,0.0,1084.06,1189.0,0,0,0.0,1064.06,50.0,0.0,54203.0,1.0,Tắc nghẽn,Tắc nghẽn,1,0.001,0.002,0.997
50,0.0,1094.06,1199.0,0,0,0.0,1074.06,50.0,0.0,54703.0,1.0,Tắc nghẽn,Tắc nghẽn,1,0.001,0.002,0.997
50,0.0,1104.06,1209.0,0,0,0.0,1084.06,50.0,0.0,55203.0,1.0,Tắc nghẽn,Tắc nghẽn,1,0.001,0.002,0.997
50,0.0,1114.06,1219.0,0,0,0.0,1094.06,50.0,0.0,55703.0,1.0,Tắc nghẽn,Tắc nghẽn,1,0.001,0.002,0.997
50,0.0,1124.06,1229.0,0,0,0.0,1104.06,50.0,0.0,56203.0,1.0,Tắc nghẽn,Tắc nghẽn,1,0.001,0.002,0.9971
50,0.0,1134.06,1239.0,0,0,0.0,1114.06,50.0,0.0,56703.0,1.0,Tắc nghẽn,Tắc nghẽn,1,0.001,0.0019,0.9971
50,0.0,1144.06,1249.0,0,0,0.0,1124.06,50.0,0.0,57203.0,1.0,Tắc nghẽn,Tắc nghẽn,1,0.001,0.0019,0.9971
50,0.0,1154.06,1259.0,0,0,0.0,1134.06,50.0,0.0,57703.0,1.0,Tắc nghẽn,Tắc nghẽn,1,0.001,0.0019,0.9971
50,0.0,1164.06,1269.0,0,0,0.0,1144.06,50.0,0.0,58203.0,1.0,Tắc nghẽn,Tắc nghẽn,1,0.001,0.0019,0.9971
50,0.0,1174.06,1279.0,0,0,0.0,1154.06,50.0,0.0,58703.0,1.0,Tắc nghẽn,Tắc nghẽn,1,0.001,0.0019,0.9971
50,0.0,1184.06,1289.0,0,0,0.0,1164.06,50.0,0.0,59203.0,1.0,Tắc nghẽn,Tắc nghẽn,1,0.001,0.0019,0.9971
50,0.0,1194.06,1299.0,0,0,0.0,1174.06,50.0,0.0,59703.0,1.0,Tắc nghẽn,Tắc nghẽn,1,0.001,0.0019,0.9971
50,0.0,1204.06,1309.0,0,0,0.0,1184.06,50.0,0.0,60203.0,1.0,Tắc nghẽn,Tắc nghẽn,1,0.001,0.0019,0.9971
50,0.0,1214.06,1319.0,0,0,0.0,1194.06,50.0,0.0,60703.0,1.0,Tắc nghẽn,Tắc nghẽn,1,0.001,0.0019,0.9971
50,0.0,1224.06,1329.0,0,0,0.0,1204.06,50.0,0.0,61203.0,1.0,Tắc nghẽn,Tắc nghẽn,1,0.001,0.0019,0.9972
50,0.0,1234.06,1339.0,0,0,0.0,1214.06,50.0,0.0,61703.0,1.0,Tắc nghẽn,Tắc nghẽn,1,0.001,0.0018,0.9972
50,0.0,1244.06,1349.0,0,0,0.0,1224.06,50.0,0.0,62203.0,1.0,Tắc nghẽn,Tắc nghẽn,1,0.001,0.0018,0.9972
50,0.0,1254.06,1359.0,0,0,0.0,1234.06,50.0,0.0,62703.0,1.0,Tắc nghẽn,Tắc nghẽn,1,0.001,0.0018,0.9972
50,0.0,1264.06,1369.0,0,0,0.0,1244.06,50.0,0.0,63203.0,1.0,Tắc nghẽn,Tắc nghẽn,1,0.001,0.0018,0.9972
50,0.0,1274.06,1379.0,0,0,0.0,1254.06,50.0,0.0,63703.0,1.0,Tắc nghẽn,Tắc nghẽn,1,0.001,0.0018,0.9972
50,0.0,1284.06,1389.0,0,0,0.0,1264.06,50.0,0.0,64203.0,1.0,Tắc nghẽn,Tắc nghẽn,1,0.001,0.0018,0.9972
50,0.0,1294.06,1399.0,0,0,0.0,1274.06,50.0,0.0,64703.0,1.0,Tắc nghẽn,Tắc nghẽn,1,0.001,0.0018,0.9972
50,0.0,1304.06,1409.0,0,0,0.0,1284.06,50.0,0.0,65203.0,1.0,Tắc nghẽn,Tắc nghẽn,1,0.001,0.0018,0.9972
50,0.0,1314.06,1419.0,0,0,0.0,1294.06,50.0,0.0,65703.0,1.0,Tắc nghẽn,Tắc nghẽn,1,0.001,0.0018,0.9972
50,0.0,1324.06,1429.0,0,0,0.0,1304.06,50.0,0.0,66203.0,1.0,Tắc nghẽn,Tắc nghẽn,1,0.001,0.0018,0.9972
50,0.0,1334.06,1439.0,0,0,0.0,1314.06,50.0,0.0,66703.0,1.0,Tắc nghẽn,Tắc nghẽn,1,0.001,0.0018,0.9972
50,0.0,1344.06,1449.0,0,0,0.0,1324.06,50.0,0.0,67203.0,1.0,Tắc nghẽn,Tắc nghẽn,1,0.001,0.0018,0.9973
50,0.0,1354.06,1459.0,0,0,0.0,1334.06,50.0,0.0,67703.0,1.0,Tắc nghẽn,Tắc nghẽn,1,0.001,0.0017,0.9973
50,0.0,1364.06,1469.0,0,0,0.0,1344.06,50.0,0.0,68203.0,1.0,Tắc nghẽn,Tắc nghẽn,1,0.001,0.0017,0.9973
50,0.0,1374.06,1479.0,0,0,0.0,1354.06,50.0,0.0,68703.0,1.0,Tắc nghẽn,Tắc nghẽn,1,0.001,0.0017,0.9973
50,0.0,1384.06,1489.0,0,0,0.0,1364.06,50.0,0.0,69203.0,1.0,Tắc nghẽn,Tắc nghẽn,1,0.001,0.0017,0.9973
50,0.0,1394.06,1499.0,0,0,0.0,1374.06,50.0,0.0,69703.0,1.0,Tắc nghẽn,Tắc nghẽn,1,0.001,0.0017,0.9973
50,0.0,1404.06,1509.0,0,0,0.0,1384.06,50.0,0.0,70203.0,1.0,Tắc nghẽn,Tắc nghẽn,1,0.001,0.0017,0.9973
50,0.0,1414.06,1519.0,0,0,0.0,1394.06,50.0,0.0,70703.0,1.0,Tắc nghẽn,Tắc nghẽn,1,0.001,0.0017,0.9973
50,0.0,1424.06,1529.0,0,0,0.0,1404.06,50.0,0.0,71203.0,1.0,Tắc nghẽn,Tắc nghẽn,1,0.001,0.0017,0.9973
50,0.0,1434.06,1539.0,0,0,0.0,1414.06,50.0,0.0,71703.0,1.0,Tắc nghẽn,Tắc nghẽn,1,0.001,0.0017,0.9973
50,0.0,1444.06,1549.0,0,0,0.0,1424.06,50.0,0.0,72203.0,1.0,Tắc nghẽn,Tắc nghẽn,1,0.001,0.0017,0.9973
50,0.0,1454.06,1559.0,0,0,0.0,1434.06,50.0,0.0,72703.0,1.0,Tắc nghẽn,Tắc nghẽn,1,0.001,0.0017,0.9973
50,0.0,1464.06,1569.0,0,0,0.0,1444.06,50.0,0.0,73203.0,1.0,Tắc nghẽn,Tắc nghẽn,1,0.001,0.0017,0.9973
50,0.0,1474.06,1579.0,0,0,0.0,1454.06,50.0,0.0,73703.0,1.0,Tắc nghẽn,Tắc nghẽn,1,0.001,0.0017,0.9973
50,0.0,1484.06,1589.0,0,0,0.0,1464.06,50.0,0.0,74203.0,1.0,Tắc nghẽn,Tắc nghẽn,1,0.001,0.0017,0.9974
50,0.0,1494.06,1599.0,0,0,0.0,1474.06,50.0,0.0,74703.0,1.0,Tắc nghẽn,Tắc nghẽn,1,0.001,0.0016,0.9974
50,0.0,1504.06,1609.0,0,0,0.0,1484.06,50.0,0.0,75203.0,1.0,Tắc nghẽn,Tắc nghẽn,1,0.001,0.0016,0.9974
50,0.0,1514.06,1619.0,0,0,0.0,1494.06,50.0,0.0,75703.0,1.0,Tắc nghẽn,Tắc nghẽn,1,0.001,0.0016,0.9974
50,0.0,1524.06,1629.0,0,0,0.0,1504.06,50.0,0.0,76203.0,1.0,Tắc nghẽn,Tắc nghẽn,1,0.001,0.0016,0.9974
50,0.0,1534.06,1639.0,0,0,0.0,1514.06,50.0,0.0,76703.0,1.0,Tắc nghẽn,Tắc nghẽn,1,0.001,0.0016,0.9974
50,0.0,1544.06,1649.0,0,0,0.0,1524.06,50.0,0.0,77203.0,1.0,Tắc nghẽn,Tắc nghẽn,1,0.001,0.0016,0.9974
50,0.0,1554.06,1659.0,0,0,0.0,1534.06,50.0,0.0,77703.0,1.0,Tắc nghẽn,Tắc nghẽn,1,0.001,0.0016,0.9974
50,0.0,1564.06,1669.0,0,0,0.0,1544.06,50.0,0.0,78203.0,1.0,Tắc nghẽn,Tắc nghẽn,1,0.001,0.0016,0.9974
50,0.0,1574.06,1679.0,0,0,0.0,1554.06,50.0,0.0,78703.0,1.0,Tắc nghẽn,Tắc nghẽn,1,0.001,0.0016,0.9974
50,0.0,1584.06,1689.0,0,0,0.0,1564.06,50.0,0.0,79203.0,1.0,Tắc nghẽn,Tắc nghẽn,1,0.001,0.0016,0.9974
50,0.0,1594.06,1699.0,0,0,0.0,1574.06,50.0,0.0,79703.0,1.0,Tắc nghẽn,Tắc nghẽn,1,0.001,0.0016,0.9974
50,0.0,1604.06,1709.0,0,0,0.0,1584.06,50.0,0.0,80203.0,1.0,Tắc nghẽn,Tắc nghẽn,1,0.001,0.0016,0.9974
50,0.0,1614.06,1719.0,0,0,0.0,1594.06,50.0,0.0,80703.0,1.0,Tắc nghẽn,Tắc nghẽn,1,0.001,0.0016,0.9974
50,0.0,1624.06,1729.0,0,0,0.0,1604.06,50.0,0.0,81203.0,1.0,Tắc nghẽn,Tắc nghẽn,1,0.001,0.0016,0.9974
50,0.0,1634.06,1739.0,0,0,0.0,1614.06,50.0,0.0,81703.0,1.0,Tắc nghẽn,Tắc nghẽn,1,0.001,0.0016,0.9974
50,0.0,1644.06,1749.0,0,0,0.0,1624.06,50.0,0.0,82203.0,1.0,Tắc nghẽn,Tắc nghẽn,1,0.001,0.0016,0.9975
50,0.0,1654.06,1759.0,0,0,0.0,1634.06,50.0,0.0,82703.0,1.0,Tắc nghẽn,Tắc nghẽn,1,0.001,0.0015,0.9975
50,0.0,1664.06,1769.0,0,0,0.0,1644.06,50.0,0.0,83203.0,1.0,Tắc nghẽn,Tắc nghẽn,1,0.001,0.0015,0.9975
50,0.0,1674.06,1779.0,0,0,0.0,1654.06,50.0,0.0,83703.0,1.0,Tắc nghẽn,Tắc nghẽn,1,0.001,0.0015,0.9975
50,0.0,1684.06,1789.0,0,0,0.0,1664.06,50.0,0.0,84203.0,1.0,Tắc nghẽn,Tắc nghẽn,1,0.001,0.0015,0.9975
50,0.0,1694.06,1799.0,0,0,0.0,1674.06,50.0,0.0,84703.0,1.0,Tắc nghẽn,Tắc nghẽn,1,0.001,0.0015,0.9975
50,0.0,1704.06,1809.0,0,0,0.0,1684.06,50.0,0.0,85203.0,1.0,Tắc nghẽn,Tắc nghẽn,1,0.001,0.0015,0.9975
50,0.0,1714.06,1819.0,0,0,0.0,1694.06,50.0,0.0,85703.0,1.0,Tắc nghẽn,Tắc nghẽn,1,0.001,0.0015,0.9975
50,0.0,1724.06,1829.0,0,0,0.0,1704.06,50.0,0.0,86203.0,1.0,Tắc nghẽn,Tắc nghẽn,1,0.001,0.0015,0.9975
50,0.0,1734.06,1839.0,0,0,0.0,1714.06,50.0,0.0,86703.0,1.0,Tắc nghẽn,Tắc nghẽn,1,0.001,0.0015,0.9975
50,0.0,1744.06,1849.0,0,0,0.0,1724.06,50.0,0.0,87203.0,1.0,Tắc nghẽn,Tắc nghẽn,1,0.001,0.0015,0.9975
50,0.0,1754.06,1859.0,0,0,0.0,1734.06,50.0,0.0,87703.0,1.0,Tắc nghẽn,Tắc nghẽn,1,0.001,0.0015,0.9975
50,0.0,1764.06,1869.0,0,0,0.0,1744.06,50.0,0.0,88203.0,1.0,Tắc nghẽn,Tắc nghẽn,1,0.001,0.0015,0.9975
50,0.0,1774.06,1879.0,0,0,0.0,1754.06,50.0,0.0,88703.0,1.0,Tắc nghẽn,Tắc nghẽn,1,0.001,0.0015,0.9975
50,0.0,1784.06,1889.0,0,0,0.0,1764.06,50.0,0.0,89203.0,1.0,Tắc nghẽn,Tắc nghẽn,1,0.001,0.0015,0.9975
50,0.0,1794.06,1899.0,0,0,0.0,1774.06,50.0,0.0,89703.0,1.0,Tắc nghẽn,Tắc nghẽn,1,0.001,0.0015,0.9975
50,0.0,1804.06,1909.0,0,0,0.0,1784.06,50.0,0.0,90203.0,1.0,Tắc nghẽn,Tắc nghẽn,1,0.001,0.0015,0.9975
50,0.0,1814.06,1919.0,0,0,0.0,1794.06,50.0,0.0,90703.0,1.0,Tắc nghẽn,Tắc nghẽn,1,0.001,0.0015,0.9975
50,0.0,1824.06,1929.0,0,0,0.0,1804.06,50.0,0.0,91203.0,1.0,Tắc nghẽn,Tắc nghẽn,1,0.001,0.0015,0.9975
50,0.0,1834.06,1939.0,0,0,0.0,1814.06,50.0,0.0,91703.0,1.0,Tắc nghẽn,Tắc nghẽn,1,0.001,0.0015,0.9975
50,0.0,1844.06,1949.0,0,0,0.0,1824.06,50.0,0.0,92203.0,1.0,Tắc nghẽn,Tắc nghẽn,1,0.001,0.0015,0.9976
50,0.0,1854.06,1959.0,0,0,0.0,1834.06,50.0,0.0,92703.0,1.0,Tắc nghẽn,Tắc nghẽn,1,0.001,0.0015,0.9976
50,0.0,1864.06,1969.0,0,0,0.0,1844.06,50.0,0.0,93203.0,1.0,Tắc nghẽn,Tắc nghẽn,1,0.001,0.0014,0.9976
50,0.0,1874.06,1979.0,0,0,0.0,1854.06,50.0,0.0,93703.0,1.0,Tắc nghẽn,Tắc nghẽn,1,0.001,0.0014,0.9976
50,0.0,1884.06,1989.0,0,0,0.0,1864.06,50.0,0.0,94203.0,1.0,Tắc nghẽn,Tắc nghẽn,1,0.001,0.0014,0.9976
50,0.0,1894.06,1999.0,0,0,0.0,1874.06,50.0,0.0,94703.0,1.0,Tắc nghẽn,Tắc nghẽn,1,0.001,0.0014,0.9976
50,0.0,1904.06,2009.0,0,0,0.0,1884.06,50.0,0.0,95203.0,1.0,Tắc nghẽn,Tắc nghẽn,1,0.001,0.0014,0.9976
50,0.0,1914.06,2019.0,0,0,0.0,1894.06,50.0,0.0,95703.0,1.0,Tắc nghẽn,Tắc nghẽn,1,0.001,0.0014,0.9976
50,0.0,1924.06,2029.0,0,0,0.0,1904.06,50.0,0.0,96203.0,1.0,Tắc nghẽn,Tắc nghẽn,1,0.001,0.0014,0.9976
50,0.0,1934.06,2039.0,0,0,0.0,1914.06,50.0,0.0,96703.0,1.0,Tắc nghẽn,Tắc nghẽn,1,0.001,0.0014,0.9976
50,0.0,1944.06,2049.0,0,0,0.0,1924.06,50.0,0.0,97203.0,1.0,Tắc nghẽn,Tắc nghẽn,1,0.001,0.0014,0.9976
50,0.0,1954.06,2059.0,0,0,0.0,1934.06,50.0,0.0,97703.0,1.0,Tắc nghẽn,Tắc nghẽn,1,0.001,0.0014,0.9976
50,0.0,1964.06,2069.0,0,0,0.0,1944.06,50.0,0.0,98203.0,1.0,Tắc nghẽn,Tắc nghẽn,1,0.001,0.0014,0.9976
50,0.0,1974.06,2079.0,0,0,0.0,1954.06,50.0,0.0,98703.0,1.0,Tắc nghẽn,Tắc nghẽn,1,0.001,0.0014,0.9976
50,0.0,1984.06,2089.0,0,0,0.0,1964.06,50.0,0.0,99203.0,1.0,Tắc nghẽn,Tắc nghẽn,1,0.001,0.0014,0.9976
50,0.0,1994.06,2099.0,0,0,0.0,1974.06,50.0,0.0,99703.0,1.0,Tắc nghẽn,Tắc nghẽn,1,0.001,0.0014,0.9976
50,0.0,2004.06,2109.0,0,0,0.0,1984.06,50.0,0.0,100203.0,1.0,Tắc nghẽn,Tắc nghẽn,1,0.001,0.0014,0.9976
50,0.0,2014.06,2119.0,0,0,0.0,1994.06,50.0,0.0,100703.0,1.0,Tắc nghẽn,Tắc nghẽn,1,0.001,0.0014,0.9976
50,0.0,2024.06,2129.0,0,0,0.0,2004.06,50.0,0.0,101203.0,1.0,Tắc nghẽn,Tắc nghẽn,1,0.001,0.0014,0.9976
50,0.0,2034.06,2139.0,0,0,0.0,2014.06,50.0,0.0,101703.0,1.0,Tắc nghẽn,Tắc nghẽn,1,0.001,0.0014,0.9976
50,0.0,2044.06,2149.0,0,0,0.0,2024.06,50.0,0.0,102203.0,1.0,Tắc nghẽn,Tắc nghẽn,1,0.001,0.0014,0.9976
50,0.0,2054.06,2159.0,0,0,0.0,2034.06,50.0,0.0,102703.0,1.0,Tắc nghẽn,Tắc nghẽn,1,0.001,0.0014,0.9976
50,0.0,2064.06,2169.0,0,0,0.0,2044.06,50.0,0.0,103203.0,1.0,Tắc nghẽn,Tắc nghẽn,1,0.001,0.0014,0.9976
50,0.0,2074.06,2179.0,0,0,0.0,2054.06,50.0,0.0,103703.0,1.0,Tắc nghẽn,Tắc nghẽn,1,0.001,0.0014,0.9976
50,0.0,2084.06,2189.0,0,0,0.0,2064.06,50.0,0.0,104203.0,1.0,Tắc nghẽn,Tắc nghẽn,1,0.001,0.0014,0.9976
50,0.0,2094.06,2199.0,0,0,0.0,2074.06,50.0,0.0,104703.0,1.0,Tắc nghẽn,Tắc nghẽn,1,0.001,0.0014,0.9976
50,0.0,2104.06,2209.0,0,0,0.0,2084.06,50.0,0.0,105203.0,1.0,Tắc nghẽn,Tắc nghẽn,1,0.001,0.0014,0.9977
50,0.0,2114.06,2219.0,0,0,0.0,2094.06,50.0,0.0,105703.0,1.0,Tắc nghẽn,Tắc nghẽn,1,0.001,0.0014,0.9977
50,0.0,2124.06,2229.0,0,0,0.0,2104.06,50.0,0.0,106203.0,1.0,Tắc nghẽn,Tắc nghẽn,1,0.001,0.0014,0.9977
50,0.0,2134.06,2239.0,0,0,0.0,2114.06,50.0,0.0,106703.0,1.0,Tắc nghẽn,Tắc nghẽn,1,0.001,0.0013,0.9977
50,0.0,2144.06,2249.0,0,0,0.0,2124.06,50.0,0.0,107203.0,1.0,Tắc nghẽn,Tắc nghẽn,1,0.001,0.0013,0.9977
50,0.0,2154.06,2259.0,0,0,0.0,2134.06,50.0,0.0,107703.0,1.0,Tắc nghẽn,Tắc nghẽn,1,0.001,0.0013,0.9977
50,0.0,2164.06,2269.0,0,0,0.0,2144.06,50.0,0.0,108203.0,1.0,Tắc nghẽn,Tắc nghẽn,1,0.001,0.0013,0.9977
50,0.0,2174.06,2279.0,0,0,0.0,2154.06,50.0,0.0,108703.0,1.0,Tắc nghẽn,Tắc nghẽn,1,0.001,0.0013,0.9977
50,0.0,2184.06,2289.0,0,0,0.0,2164.06,50.0,0.0,109203.0,1.0,Tắc nghẽn,Tắc nghẽn,1,0.001,0.0013,0.9977
50,0.0,2194.06,2299.0,0,0,0.0,2174.06,50.0,0.0,109703.0,1.0,Tắc nghẽn,Tắc nghẽn,1,0.001,0.0013,0.9977
50,0.0,2204.06,2309.0,0,0,0.0,2184.06,50.0,0.0,110203.0,1.0,Tắc nghẽn,Tắc nghẽn,1,0.001,0.0013,0.9977
50,0.0,2214.06,2319.0,0,0,0.0,2194.06,50.0,0.0,110703.0,1.0,Tắc nghẽn,Tắc nghẽn,1,0.001,0.0013,0.9977
50,0.0,2224.06,2329.0,0,0,0.0,2204.06,50.0,0.0,111203.0,1.0,Tắc nghẽn,Tắc nghẽn,1,0.001,0.0013,0.9977
50,0.0,2234.06,2339.0,0,0,0.0,2214.06,50.0,0.0,111703.0,1.0,Tắc nghẽn,Tắc nghẽn,1,0.001,0.0013,0.9977
50,0.0,2244.06,2349.0,0,0,0.0,2224.06,50.0,0.0,112203.0,1.0,Tắc nghẽn,Tắc nghẽn,1,0.001,0.0013,0.9977
50,0.0,2254.06,2359.0,0,0,0.0,2234.06,50.0,0.0,112703.0,1.0,Tắc nghẽn,Tắc nghẽn,1,0.001,0.0013,0.9977
50,0.0,2264.06,2369.0,0,0,0.0,2244.06,50.0,0.0,113203.0,1.0,Tắc nghẽn,Tắc nghẽn,1,0.001,0.0013,0.9977
50,0.0,2274.06,2379.0,0,0,0.0,2254.06,50.0,0.0,113703.0,1.0,Tắc nghẽn,Tắc nghẽn,1,0.001,0.0013,0.9977
50,0.0,2284.06,2389.0,0,0,0.0,2264.06,50.0,0.0,114203.0,1.0,Tắc nghẽn,Tắc nghẽn,1,0.001,0.0013,0.9977
50,0.0,2294.06,2399.0,0,0,0.0,2274.06,50.0,0.0,114703.0,1.0,Tắc nghẽn,Tắc nghẽn,1,0.001,0.0013,0.9977
50,0.0,2304.06,2409.0,0,0,0.0,2284.06,50.0,0.0,115203.0,1.0,Tắc nghẽn,Tắc nghẽn,1,0.001,0.0013,0.9977
50,0.0,2314.06,2419.0,0,0,0.0,2294.06,50.0,0.0,115703.0,1.0,Tắc nghẽn,Tắc nghẽn,1,0.001,0.0013,0.9977
50,0.0,2324.06,2429.0,0,0,0.0,2304.06,50.0,0.0,116203.0,1.0,Tắc nghẽn,Tắc nghẽn,1,0.001,0.0013,0.9977
50,0.0,2334.06,2439.0,0,0,0.0,2314.06,50.0,0.0,116703.0,1.0,Tắc nghẽn,Tắc nghẽn,1,0.001,0.0013,0.9977
50,0.0,2344.06,2449.0,0,0,0.0,2324.06,50.0,0.0,117203.0,1.0,Tắc nghẽn,Tắc nghẽn,1,0.001,0.0013,0.9977
50,0.0,2354.06,2459.0,0,0,0.0,2334.06,50.0,0.0,117703.0,1.0,Tắc nghẽn,Tắc nghẽn,1,0.001,0.0013,0.9977
50,0.0,2364.06,2469.0,0,0,0.0,2344.06,50.0,0.0,118203.0,1.0,Tắc nghẽn,Tắc nghẽn,1,0.001,0.0013,0.9977
50,0.0,2374.06,2479.0,0,0,0.0,2354.06,50.0,0.0,118703.0,1.0,Tắc nghẽn,Tắc nghẽn,1,0.001,0.0013,0.9977
50,0.0,2384.06,2489.0,0,0,0.0,2364.06,50.0,0.0,119203.0,1.0,Tắc nghẽn,Tắc nghẽn,1,0.001,0.0013,0.9977
50,0.0,2394.06,2499.0,0,0,0.0,2374.06,50.0,0.0,119703.0,1.0,Tắc nghẽn,Tắc nghẽn,1,0.001,0.0013,0.9977
50,0.0,2404.06,2509.0,0,0,0.0,2384.06,50.0,0.0,120203.0,1.0,Tắc nghẽn,Tắc nghẽn,1,0.001,0.0013,0.9977
50,0.0,2414.06,2519.0,0,0,0.0,2394.06,50.0,0.0,120703.0,1.0,Tắc nghẽn,Tắc nghẽn,1,0.001,0.0013,0.9977
50,0.0,2424.06,2529.0,0,0,0.0,2404.06,50.0,0.0,121203.0,1.0,Tắc nghẽn,Tắc nghẽn,1,0.001,0.0013,0.9977
50,0.0,2434.06,2539.0,0,0,0.0,2414.06,50.0,0.0,121703.0,1.0,Tắc nghẽn,Tắc nghẽn,1,0.001,0.0013,0.9977
50,0.0,2444.06,2549.0,0,0,0.0,2424.06,50.0,0.0,122203.0,1.0,Tắc nghẽn,Tắc nghẽn,1,0.001,0.0013,0.9977
50,0.0,2454.06,2559.0,0,0,0.0,2434.06,50.0,0.0,122703.0,1.0,Tắc nghẽn,Tắc nghẽn,1,0.001,0.0013,0.9977
50,0.0,2464.06,2569.0,0,0,0.0,2444.06,50.0,0.0,123203.0,1.0,Tắc nghẽn,Tắc nghẽn,1,0.001,0.0013,0.9977
50,0.0,2474.06,2579.0,0,0,0.0,2454.06,50.0,0.0,123703.0,1.0,Tắc nghẽn,Tắc nghẽn,1,0.001,0.0013,0.9977
50,0.0,2484.06,2589.0,0,0,0.0,2464.06,50.0,0.0,124203.0,1.0,Tắc nghẽn,Tắc nghẽn,1,0.001,0.0013,0.9977
50,0.0,2494.06,2599.0,0,0,0.0,2474.06,50.0,0.0,124703.0,1.0,Tắc nghẽn,Tắc nghẽn,1,0.001,0.0013,0.9978
50,0.0,2504.06,2609.0,0,0,0.0,2484.06,50.0,0.0,125203.0,1.0,Tắc nghẽn,Tắc nghẽn,1,0.001,0.0013,0.9978
50,0.0,2514.06,2619.0,0,0,0.0,2494.06,50.0,0.0,125703.0,1.0,Tắc nghẽn,Tắc nghẽn,1,0.001,0.0013,0.9978
50,0.0,2524.06,2629.0,0,0,0.0,2504.06,50.0,0.0,126203.0,1.0,Tắc nghẽn,Tắc nghẽn,1,0.001,0.0013,0.9978
50,0.0,2534.06,2639.0,0,0,0.0,2514.06,50.0,0.0,126703.0,1.0,Tắc nghẽn,Tắc nghẽn,1,0.001,0.0013,0.9978
50,0.0,2544.06,2649.0,0,0,0.0,2524.06,50.0,0.0,127203.0,1.0,Tắc nghẽn,Tắc nghẽn,1,0.001,0.0012,0.9978
50,0.0,2554.06,2659.0,0,0,0.0,2534.06,50.0,0.0,127703.0,1.0,Tắc nghẽn,Tắc nghẽn,1,0.001,0.0012,0.9978
50,0.0,2564.06,2669.0,0,0,0.0,2544.06,50.0,0.0,128203.0,1.0,Tắc nghẽn,Tắc nghẽn,1,0.001,0.0012,0.9978
50,0.0,2574.06,2679.0,0,0,0.0,2554.06,50.0,0.0,128703.0,1.0,Tắc nghẽn,Tắc nghẽn,1,0.001,0.0012,0.9978
50,0.0,2584.06,2689.0,0,0,0.0,2564.06,50.0,0.0,129203.0,1.0,Tắc nghẽn,Tắc nghẽn,1,0.001,0.0012,0.9978
50,0.0,2594.06,2699.0,0,0,0.0,2574.06,50.0,0.0,129703.0,1.0,Tắc nghẽn,Tắc nghẽn,1,0.001,0.0012,0.9978
50,0.0,2604.06,2709.0,0,0,0.0,2584.06,50.0,0.0,130203.0,1.0,Tắc nghẽn,Tắc nghẽn,1,0.001,0.0012,0.9978
50,0.0,2614.06,2719.0,0,0,0.0,2594.06,50.0,0.0,130703.0,1.0,Tắc nghẽn,Tắc nghẽn,1,0.001,0.0012,0.9978
50,0.0,2624.06,2729.0,0,0,0.0,2604.06,50.0,0.0,131203.0,1.0,Tắc nghẽn,Tắc nghẽn,1,0.001,0.0012,0.9978
50,0.0,2634.06,2739.0,0,0,0.0,2614.06,50.0,0.0,131703.0,1.0,Tắc nghẽn,Tắc nghẽn,1,0.001,0.0012,0.9978
50,0.0,2644.06,2749.0,0,0,0.0,2624.06,50.0,0.0,132203.0,1.0,Tắc nghẽn,Tắc nghẽn,1,0.001,0.0012,0.9978
50,0.0,2654.06,2759.0,0,0,0.0,2634.06,50.0,0.0,132703.0,1.0,Tắc nghẽn,Tắc nghẽn,1,0.001,0.0012,0.9978
50,0.0,2664.06,2769.0,0,0,0.0,2644.06,50.0,0.0,133203.0,1.0,Tắc nghẽn,Tắc nghẽn,1,0.001,0.0012,0.9978
50,0.0,2674.06,2779.0,0,0,0.0,2654.06,50.0,0.0,133703.0,1.0,Tắc nghẽn,Tắc nghẽn,1,0.001,0.0012,0.9978
50,0.0,2684.06,2789.0,0,0,0.0,2664.06,50.0,0.0,134203.0,1.0,Tắc nghẽn,Tắc nghẽn,1,0.001,0.0012,0.9978
50,0.0,2694.06,2799.0,0,0,0.0,2674.06,50.0,0.0,134703.0,1.0,Tắc nghẽn,Tắc nghẽn,1,0.001,0.0012,0.9978
50,0.0,2704.06,2809.0,0,0,0.0,2684.06,50.0,0.0,135203.0,1.0,Tắc nghẽn,Tắc nghẽn,1,0.001,0.0012,0.9978
50,0.0,2714.06,2819.0,0,0,0.0,2694.06,50.0,0.0,135703.0,1.0,Tắc nghẽn,Tắc nghẽn,1,0.001,0.0012,0.9978
50,0.0,2724.06,2829.0,0,0,0.0,2704.06,50.0,0.0,136203.0,1.0,Tắc nghẽn,Tắc nghẽn,1,0.001,0.0012,0.9978
50,0.0,2734.06,2839.0,0,0,0.0,2714.06,50.0,0.0,136703.0,1.0,Tắc nghẽn,Tắc nghẽn,1,0.001,0.0012,0.9978
50,0.0,2744.06,2849.0,0,0,0.0,2724.06,50.0,0.0,137203.0,1.0,Tắc nghẽn,Tắc nghẽn,1,0.001,0.0012,0.9978
50,0.0,2754.06,2859.0,0,0,0.0,2734.06,50.0,0.0,137703.0,1.0,Tắc nghẽn,Tắc nghẽn,1,0.001,0.0012,0.9978
50,0.0,2764.06,2869.0,0,0,0.0,2744.06,50.0,0.0,138203.0,1.0,Tắc nghẽn,Tắc nghẽn,1,0.001,0.0012,0.9978
50,0.0,2774.06,2879.0,0,0,0.0,2754.06,50.0,0.0,138703.0,1.0,Tắc nghẽn,Tắc nghẽn,1,0.001,0.0012,0.9978
50,0.0,2784.06,2889.0,0,0,0.0,2764.06,50.0,0.0,139203.0,1.0,Tắc nghẽn,Tắc nghẽn,1,0.001,0.0012,0.9978
50,0.0,2794.06,2899.0,0,0,0.0,2774.06,50.0,0.0,139703.0,1.0,Tắc nghẽn,Tắc nghẽn,1,0.001,0.0012,0.9978
50,0.0,2804.06,2909.0,0,0,0.0,2784.06,50.0,0.0,140203.0,1.0,Tắc nghẽn,Tắc nghẽn,1,0.001,0.0012,0.9978
50,0.0,2814.06,2919.0,0,0,0.0,2794.06,50.0,0.0,140703.0,1.0,Tắc nghẽn,Tắc nghẽn,1,0.001,0.0012,0.9978
50,0.0,2824.06,2929.0,0,0,0.0,2804.06,50.0,0.0,141203.0,1.0,Tắc nghẽn,Tắc nghẽn,1,0.001,0.0012,0.9978
50,0.0,2834.06,2939.0,0,0,0.0,2814.06,50.0,0.0,141703.0,1.0,Tắc nghẽn,Tắc nghẽn,1,0.001,0.0012,0.9978
50,0.0,2844.06,2949.0,0,0,0.0,2824.06,50.0,0.0,142203.0,1.0,Tắc nghẽn,Tắc nghẽn,1,0.001,0.0012,0.9978
50,0.0,2854.06,2959.0,0,0,0.0,2834.06,50.0,0.0,142703.0,1.0,Tắc nghẽn,Tắc nghẽn,1,0.001,0.0012,0.9978
50,0.0,2864.06,2969.0,0,0,0.0,2844.06,50.0,0.0,143203.0,1.0,Tắc nghẽn,Tắc nghẽn,1,0.001,0.0012,0.9978
50,0.0,2874.06,2979.0,0,0,0.0,2854.06,50.0,0.0,143703.0,1.0,Tắc nghẽn,Tắc nghẽn,1,0.001,0.0012,0.9978
50,0.0,2884.06,2989.0,0,0,0.0,2864.06,50.0,0.0,144203.0,1.0,Tắc nghẽn,Tắc nghẽn,1,0.001,0.0012,0.9978
50,0.0,2894.06,2999.0,0,0,0.0,2874.06,50.0,0.0,144703.0,1.0,Tắc nghẽn,Tắc nghẽn,1,0.001,0.0012,0.9978
50,0.0,2904.06,3009.0,0,0,0.0,2884.06,50.0,0.0,145203.0,1.0,Tắc nghẽn,Tắc nghẽn,1,0.001,0.0012,0.9978
50,0.0,2914.06,3019.0,0,0,0.0,2894.06,50.0,0.0,145703.0,1.0,Tắc nghẽn,Tắc nghẽn,1,0.001,0.0012,0.9978
50,0.0,2924.06,3029.0,0,0,0.0,2904.06,50.0,0.0,146203.0,1.0,Tắc nghẽn,Tắc nghẽn,1,0.001,0.0012,0.9978
50,0.0,2934.06,3039.0,0,0,0.0,2914.06,50.0,0.0,146703.0,1.0,Tắc nghẽn,Tắc nghẽn,1,0.001,0.0012,0.9978
50,0.0,2944.06,3049.0,0,0,0.0,2924.06,50.0,0.0,147203.0,1.0,Tắc nghẽn,Tắc nghẽn,1,0.001,0.0012,0.9978
50,0.0,2954.06,3059.0,0,0,0.0,2934.06,50.0,0.0,147703.0,1.0,Tắc nghẽn,Tắc nghẽn,1,0.001,0.0012,0.9978
50,0.0,2964.06,3069.0,0,0,0.0,2944.06,50.0,0.0,148203.0,1.0,Tắc nghẽn,Tắc nghẽn,1,0.001,0.0012,0.9978
50,0.0,2974.06,3079.0,0,0,0.0,2954.06,50.0,0.0,148703.0,1.0,Tắc nghẽn,Tắc nghẽn,1,0.001,0.0012,0.9978
50,0.0,2984.06,3089.0,0,0,0.0,2964.06,50.0,0.0,149203.0,1.0,Tắc nghẽn,Tắc nghẽn,1,0.001,0.0012,0.9978
50,0.0,2994.06,3099.0,0,0,0.0,2974.06,50.0,0.0,149703.0,1.0,Tắc nghẽn,Tắc nghẽn,1,0.001,0.0012,0.9978
50,0.0,3004.06,3109.0,0,0,0.0,2984.06,50.0,0.0,150203.0,1.0,Tắc nghẽn,Tắc nghẽn,1,0.001,0.0012,0.9978
50,0.0,3014.06,3119.0,0,0,0.0,2994.06,50.0,0.0,150703.0,1.0,Tắc nghẽn,Tắc nghẽn,1,0.001,0.0012,0.9978
50,0.0,3024.06,3129.0,0,0,0.0,3004.06,50.0,0.0,151203.0,1.0,Tắc nghẽn,Tắc nghẽn,1,0.001,0.0012,0.9978
50,0.0,3034.06,3139.0,0,0,0.0,3014.06,50.0,0.0,151703.0,1.0,Tắc nghẽn,Tắc nghẽn,1,0.001,0.0012,0.9978
50,0.0,3044.06,3149.0,0,0,0.0,3024.06,50.0,0.0,152203.0,1.0,Tắc nghẽn,Tắc nghẽn,1,0.001,0.0012,0.9978
50,0.0,3054.06,3159.0,0,0,0.0,3034.06,50.0,0.0,152703.0,1.0,Tắc nghẽn,Tắc nghẽn,1,0.001,0.0012,0.9978
50,0.0,3064.06,3169.0,0,0,0.0,3044.06,50.0,0.0,153203.0,1.0,Tắc nghẽn,Tắc nghẽn,1,0.001,0.0012,0.9978
50,0.0,3074.06,3179.0,0,0,0.0,3054.06,50.0,0.0,153703.0,1.0,Tắc nghẽn,Tắc nghẽn,1,0.001,0.0012,0.9978
50,0.0,3084.06,3189.0,0,0,0.0,3064.06,50.0,0.0,154203.0,1.0,Tắc nghẽn,Tắc nghẽn,1,0.001,0.0012,0.9978
50,0.0,3094.06,3199.0,0,0,0.0,3074.06,50.0,0.0,154703.0,1.0,Tắc nghẽn,Tắc nghẽn,1,0.001,0.0012,0.9978
50,0.0,3104.06,3209.0,0,0,0.0,3084.06,50.0,0.0,155203.0,1.0,Tắc nghẽn,Tắc nghẽn,1,0.001,0.0012,0.9978
50,0.0,3114.06,3219.0,0,0,0.0,3094.06,50.0,0.0,155703.0,1.0,Tắc nghẽn,Tắc nghẽn,1,0.001,0.0012,0.9978
50,0.0,3124.06,3229.0,0,0,0.0,3104.06,50.0,0.0,156203.0,1.0,Tắc nghẽn,Tắc nghẽn,1,0.001,0.0012,0.9978
50,0.0,3134.06,3239.0,0,0,0.0,3114.06,50.0,0.0,156703.0,1.0,Tắc nghẽn,Tắc nghẽn,1,0.001,0.0012,0.9978
50,0.0,3144.06,3249.0,0,0,0.0,3124.06,50.0,0.0,157203.0,1.0,Tắc nghẽn,Tắc nghẽn,1,0.001,0.0012,0.9978
50,0.0,3154.06,3259.0,0,0,0.0,3134.06,50.0,0.0,157703.0,1.0,Tắc nghẽn,Tắc nghẽn,1,0.001,0.0012,0.9978
50,0.0,3164.06,3269.0,0,0,0.0,3144.06,50.0,0.0,158203.0,1.0,Tắc nghẽn,Tắc nghẽn,1,0.001,0.0012,0.9978
50,0.0,3174.06,3279.0,0,0,0.0,3154.06,50.0,0.0,158703.0,1.0,Tắc nghẽn,Tắc nghẽn,1,0.001,0.0012,0.9978
50,0.0,3184.06,3289.0,0,0,0.0,3164.06,50.0,0.0,159203.0,1.0,Tắc nghẽn,Tắc nghẽn,1,0.001,0.0012,0.9978
50,0.0,3194.06,3299.0,0,0,0.0,3174.06,50.0,0.0,159703.0,1.0,Tắc nghẽn,Tắc nghẽn,1,0.001,0.0012,0.9978
50,0.0,3204.06,3309.0,0,0,0.0,3184.06,50.0,0.0,160203.0,1.0,Tắc nghẽn,Tắc nghẽn,1,0.001,0.0012,0.9978
50,0.0,3214.06,3319.0,0,0,0.0,3194.06,50.0,0.0,160703.0,1.0,Tắc nghẽn,Tắc nghẽn,1,0.001,0.0012,0.9978
50,0.0,3224.06,3329.0,0,0,0.0,3204.06,50.0,0.0,161203.0,1.0,Tắc nghẽn,Tắc nghẽn,1,0.001,0.0012,0.9978
50,0.0,3234.06,3339.0,0,0,0.0,3214.06,50.0,0.0,161703.0,1.0,Tắc nghẽn,Tắc nghẽn,1,0.001,0.0012,0.9978
50,0.0,3244.06,3349.0,0,0,0.0,3224.06,50.0,0.0,162203.0,1.0,Tắc nghẽn,Tắc nghẽn,1,0.001,0.0012,0.9978
50,0.0,3254.06,3359.0,0,0,0.0,3234.06,50.0,0.0,162703.0,1.0,Tắc nghẽn,Tắc nghẽn,1,0.001,0.0012,0.9978
50,0.0,3264.06,3369.0,0,0,0.0,3244.06,50.0,0.0,163203.0,1.0,Tắc nghẽn,Tắc nghẽn,1,0.001,0.0012,0.9978
50,0.0,3274.06,3379.0,0,0,0.0,3254.06,50.0,0.0,163703.0,1.0,Tắc nghẽn,Tắc nghẽn,1,0.001,0.0012,0.9979
50,0.0,3284.06,3389.0,0,0,0.0,3264.06,50.0,0.0,164203.0,1.0,Tắc nghẽn,Tắc nghẽn,1,0.001,0.0012,0.9979
50,0.0,3294.06,3399.0,0,0,0.0,3274.06,50.0,0.0,164703.0,1.0,Tắc nghẽn,Tắc nghẽn,1,0.001,0.0012,0.9979
50,0.0,3304.06,3409.0,0,0,0.0,3284.06,50.0,0.0,165203.0,1.0,Tắc nghẽn,Tắc nghẽn,1,0.001,0.0012,0.9979
50,0.0,3314.06,3419.0,0,0,0.0,3294.06,50.0,0.0,165703.0,1.0,Tắc nghẽn,Tắc nghẽn,1,0.001,0.0012,0.9979
50,0.0,3324.06,3429.0,0,0,0.0,3304.06,50.0,0.0,166203.0,1.0,Tắc nghẽn,Tắc nghẽn,1,0.001,0.0012,0.9979
50,0.0,3334.06,3439.0,0,0,0.0,3314.06,50.0,0.0,166703.0,1.0,Tắc nghẽn,Tắc nghẽn,1,0.001,0.0012,0.9979
50,0.0,3344.06,3449.0,0,0,0.0,3324.06,50.0,0.0,167203.0,1.0,Tắc nghẽn,Tắc nghẽn,1,0.001,0.0012,0.9979
50,0.0,3354.06,3459.0,0,0,0.0,3334.06,50.0,0.0,167703.0,1.0,Tắc nghẽn,Tắc nghẽn,1,0.001,0.0012,0.9979
50,0.0,3364.06,3469.0,0,0,0.0,3344.06,50.0,0.0,168203.0,1.0,Tắc nghẽn,Tắc nghẽn,1,0.001,0.0012,0.9979
50,0.0,3374.06,3479.0,0,0,0.0,3354.06,50.0,0.0,168703.0,1.0,Tắc nghẽn,Tắc nghẽn,1,0.001,0.0012,0.9979
50,0.0,3384.06,3489.0,0,0,0.0,3364.06,50.0,0.0,169203.0,1.0,Tắc nghẽn,Tắc nghẽn,1,0.001,0.0012,0.9979
50,0.0,3394.06,3499.0,0,0,0.0,3374.06,50.0,0.0,169703.0,1.0,Tắc nghẽn,Tắc nghẽn,1,0.001,0.0011,0.9979
50,0.0,3404.06,3509.0,0,0,0.0,3384.06,50.0,0.0,170203.0,1.0,Tắc nghẽn,Tắc nghẽn,1,0.001,0.0011,0.9979
50,0.0,3414.06,3519.0,0,0,0.0,3394.06,50.0,0.0,170703.0,1.0,Tắc nghẽn,Tắc nghẽn,1,0.001,0.0011,0.9979
50,0.0,3424.06,3529.0,0,0,0.0,3404.06,50.0,0.0,171203.0,1.0,Tắc nghẽn,Tắc nghẽn,1,0.001,0.0011,0.9979
50,0.0,3434.06,3539.0,0,0,0.0,3414.06,50.0,0.0,171703.0,1.0,Tắc nghẽn,Tắc nghẽn,1,0.001,0.0011,0.9979
50,0.0,3444.06,3549.0,0,0,0.0,3424.06,50.0,0.0,172203.0,1.0,Tắc nghẽn,Tắc nghẽn,1,0.001,0.0011,0.9979
