edge_id,freq,lanes,length_m,speed_kmh,capacity,peak_flow,avg_flow,vc_ratio,bpr_factor,los_grade,los_desc,travel_free,travel_actual,delay_s,risk_score
720361261,249,2,16.79,100.0,3600.0,1320.0,878.8,0.3667,1.0027,B,"Ổn định, ít bị ảnh hưởng",0.6,0.61,0.0,0.4834
1215970290#0,231,2,47.11,100.0,3600.0,1320.0,840.0,0.3667,1.0027,B,"Ổn định, ít bị ảnh hưởng",1.7,1.7,0.0,0.4619
1275903810,123,1,1.01,100.0,1800.0,900.0,434.1,0.5,1.0094,B,"Ổn định, ít bị ảnh hưởng",0.04,0.04,0.0,0.3982
720361262,191,2,2.73,100.0,3600.0,1200.0,674.1,0.3333,1.0019,A,Thông thoáng hoàn toàn,0.1,0.1,0.0,0.3968
720361263,198,2,18.28,100.0,3600.0,1020.0,666.7,0.2833,1.001,A,Thông thoáng hoàn toàn,0.66,0.66,0.0,0.3803
719462303,190,2,25.15,60.0,3600.0,1080.0,681.2,0.3,1.0012,A,Thông thoáng hoàn toàn,1.51,1.51,0.0,0.379
566567148#0,118,1,30.41,100.0,1800.0,840.0,423.5,0.4667,1.0071,B,"Ổn định, ít bị ảnh hưởng",1.09,1.1,0.01,0.3757
720360986,197,2,45.42,100.0,3600.0,960.0,702.4,0.2667,1.0008,A,Thông thoáng hoàn toàn,1.63,1.64,0.0,0.3709
566567148#1,114,1,3.11,100.0,1800.0,840.0,402.4,0.4667,1.0071,B,"Ổn định, ít bị ảnh hưởng",0.11,0.11,0.0,0.3707
1272225924#1,194,2,0.2,100.0,3600.0,960.0,684.7,0.2667,1.0008,A,Thông thoáng hoàn toàn,0.01,0.01,0.0,0.3671
1272225924#2,194,2,1.18,100.0,3600.0,960.0,688.2,0.2667,1.0008,A,Thông thoáng hoàn toàn,0.04,0.04,0.0,0.3671
1149832778#1,193,2,63.7,100.0,3600.0,960.0,684.7,0.2667,1.0008,A,Thông thoáng hoàn toàn,2.29,2.29,0.0,0.3662
1137128326,192,2,0.89,100.0,3600.0,960.0,640.0,0.2667,1.0008,A,Thông thoáng hoàn toàn,0.03,0.03,0.0,0.3647
720360982#0,134,1,52.48,100.0,1800.0,720.0,473.3,0.4,1.0038,B,"Ổn định, ít bị ảnh hưởng",1.89,1.9,0.01,0.3617
1149832778#0,188,2,15.78,100.0,3600.0,960.0,681.2,0.2667,1.0008,A,Thông thoáng hoàn toàn,0.57,0.57,0.0,0.3599
1149832778#2,187,2,12.94,100.0,3600.0,960.0,663.5,0.2667,1.0008,A,Thông thoáng hoàn toàn,0.47,0.47,0.0,0.3587
720360982#1,129,1,0.2,100.0,1800.0,720.0,430.0,0.4,1.0038,B,"Ổn định, ít bị ảnh hưởng",0.01,0.01,0.0,0.3554
-1149832778#2,120,1,12.94,100.0,1800.0,720.0,400.0,0.4,1.0038,B,"Ổn định, ít bị ảnh hưởng",0.47,0.47,0.0,0.3446
722556033,199,3,0.2,100.0,5400.0,1080.0,663.3,0.2,1.0002,A,Thông thoáng hoàn toàn,0.01,0.01,0.0,0.3398
-1149832778#1,124,1,63.76,100.0,1800.0,660.0,446.7,0.3667,1.0027,B,"Ổn định, ít bị ảnh hưởng",2.3,2.3,0.01,0.3331
723249849#1,195,3,44.06,100.0,5400.0,1020.0,723.5,0.1889,1.0002,A,Thông thoáng hoàn toàn,1.59,1.59,0.0,0.3296
-1149832778#0,121,1,15.78,100.0,1800.0,660.0,403.3,0.3667,1.0027,B,"Ổn định, ít bị ảnh hưởng",0.57,0.57,0.0,0.3292
1272225923#0,193,3,2.63,100.0,5400.0,1020.0,681.2,0.1889,1.0002,A,Thông thoáng hoàn toàn,0.09,0.09,0.0,0.327
1272225923#1,193,3,0.2,100.0,5400.0,1020.0,681.2,0.1889,1.0002,A,Thông thoáng hoàn toàn,0.01,0.01,0.0,0.327
1269264064#1,160,2,49.28,100.0,3600.0,960.0,563.3,0.2667,1.0008,A,Thông thoáng hoàn toàn,1.77,1.78,0.0,0.3264
-191937846#0,114,1,49.42,100.0,1800.0,660.0,416.5,0.3667,1.0027,B,"Ổn định, ít bị ảnh hưởng",1.78,1.78,0.0,0.3209
191937837#2,94,1,85.67,50.0,1800.0,720.0,367.1,0.4,1.0038,B,"Ổn định, ít bị ảnh hưởng",6.17,6.19,0.02,0.3137
191937837#3,91,1,36.73,50.0,1800.0,720.0,313.3,0.4,1.0038,B,"Ổn định, ít bị ảnh hưởng",2.64,2.65,0.01,0.3098
191937837#6,113,1,1.69,50.0,1800.0,600.0,398.8,0.3333,1.0019,A,Thông thoáng hoàn toàn,0.12,0.12,0.0,0.3028
1213004136,97,1,262.11,100.0,1800.0,660.0,388.2,0.3667,1.0027,B,"Ổn định, ít bị ảnh hưởng",9.44,9.46,0.03,0.3015
-191937846#1,108,1,4.16,100.0,1800.0,600.0,384.7,0.3333,1.0019,A,Thông thoáng hoàn toàn,0.15,0.15,0.0,0.2968
-191937846#2,108,1,1.08,100.0,1800.0,600.0,381.2,0.3333,1.0019,A,Thông thoáng hoàn toàn,0.04,0.04,0.0,0.2968
191937837#1,92,1,75.15,50.0,1800.0,660.0,356.5,0.3667,1.0027,B,"Ổn định, ít bị ảnh hưởng",5.41,5.43,0.01,0.2946
1149832776,75,1,792.91,100.0,1800.0,720.0,343.3,0.4,1.0038,B,"Ổn định, ít bị ảnh hưởng",28.54,28.65,0.11,0.2944
191937837#5,92,1,19.78,50.0,1800.0,660.0,313.3,0.3667,1.0027,B,"Ổn định, ít bị ảnh hưởng",1.42,1.43,0.0,0.2943
191937837#4,90,1,3.93,50.0,1800.0,660.0,300.0,0.3667,1.0027,B,"Ổn định, ít bị ảnh hưởng",0.28,0.28,0.0,0.2918
1435980096,89,1,0.2,80.0,1800.0,660.0,314.1,0.3667,1.0027,B,"Ổn định, ít bị ảnh hưởng",0.01,0.01,0.0,0.2906
191937846#0,87,1,49.36,100.0,1800.0,660.0,314.1,0.3667,1.0027,B,"Ổn định, ít bị ảnh hưởng",1.78,1.78,0.0,0.2884
-191937837#1,97,1,76.55,50.0,1800.0,600.0,363.3,0.3333,1.0019,A,Thông thoáng hoàn toàn,5.51,5.52,0.01,0.2839
191937846#1,83,1,4.16,100.0,1800.0,660.0,311.2,0.3667,1.0027,B,"Ổn định, ít bị ảnh hưởng",0.15,0.15,0.0,0.2834
191937846#2,83,1,1.08,100.0,1800.0,660.0,311.2,0.3667,1.0027,B,"Ổn định, ít bị ảnh hưởng",0.04,0.04,0.0,0.2833
1272225924#0,138,2,0.1,100.0,3600.0,780.0,487.1,0.2167,1.0003,A,Thông thoáng hoàn toàn,0.0,0.0,0.0,0.2746
-191937837#3,88,1,36.74,50.0,1800.0,600.0,310.0,0.3333,1.0019,A,Thông thoáng hoàn toàn,2.65,2.65,0.0,0.2729
-566567148#0,74,1,30.41,100.0,1800.0,660.0,281.2,0.3667,1.0027,B,"Ổn định, ít bị ảnh hưởng",1.09,1.1,0.0,0.2726
-566567148#1,74,1,3.11,100.0,1800.0,660.0,277.5,0.3667,1.0027,B,"Ổn định, ít bị ảnh hưởng",0.11,0.11,0.0,0.2725
404368566,102,2,1161.78,60.0,3600.0,1020.0,753.3,0.2833,1.001,A,Thông thoáng hoàn toàn,69.69,69.76,0.07,0.2704
-1275903810,72,1,1.01,100.0,1800.0,660.0,270.0,0.3667,1.0027,B,"Ổn định, ít bị ảnh hưởng",0.04,0.04,0.0,0.2701
-191937837#4,85,1,3.93,50.0,1800.0,600.0,300.0,0.3333,1.0019,A,Thông thoáng hoàn toàn,0.28,0.28,0.0,0.2691
-722357075,140,2,7.84,100.0,3600.0,720.0,494.1,0.2,1.0002,A,Thông thoáng hoàn toàn,0.28,0.28,0.0,0.2687
-191937837#5,84,1,19.52,50.0,1800.0,600.0,307.1,0.3333,1.0019,A,Thông thoáng hoàn toàn,1.41,1.41,0.0,0.268
-191937837#2,94,1,85.91,50.0,1800.0,540.0,340.0,0.3,1.0012,A,Thông thoáng hoàn toàn,6.19,6.19,0.01,0.2637
-191937846#3,94,1,63.37,100.0,1800.0,540.0,335.3,0.3,1.0012,A,Thông thoáng hoàn toàn,2.28,2.28,0.0,0.2636
-191937837#0,74,1,288.13,50.0,1800.0,600.0,352.9,0.3333,1.0019,A,Thông thoáng hoàn toàn,20.74,20.78,0.04,0.2573
191937848#1,140,3,16.22,100.0,5400.0,780.0,470.0,0.1444,1.0001,A,Thông thoáng hoàn toàn,0.58,0.58,0.0,0.241
-1149832778#3,75,1,12.84,100.0,1800.0,540.0,253.3,0.3,1.0012,A,Thông thoáng hoàn toàn,0.46,0.46,0.0,0.2404
191937848#0,139,3,16.84,100.0,5400.0,780.0,476.7,0.1444,1.0001,A,Thông thoáng hoàn toàn,0.61,0.61,0.0,0.2398
-723594683,73,1,35.32,100.0,1800.0,540.0,277.5,0.3,1.0012,A,Thông thoáng hoàn toàn,1.27,1.27,0.0,0.2381
1272225923#2,137,3,0.2,100.0,5400.0,780.0,483.5,0.1444,1.0001,A,Thông thoáng hoàn toàn,0.01,0.01,0.0,0.2373
1270828726,140,3,12.28,100.0,5400.0,720.0,494.1,0.1333,1.0,A,Thông thoáng hoàn toàn,0.44,0.44,0.0,0.2354
-191937846#4,84,1,157.11,100.0,1800.0,480.0,303.3,0.2667,1.0008,A,Thông thoáng hoàn toàn,5.66,5.66,0.0,0.2353
719482084#2,111,2,146.39,60.0,3600.0,720.0,462.4,0.2,1.0002,A,Thông thoáng hoàn toàn,8.78,8.78,0.0,0.2345
720360978#1,70,1,32.53,100.0,1800.0,540.0,262.5,0.3,1.0012,A,Thông thoáng hoàn toàn,1.17,1.17,0.0,0.2345
722556034#1,138,3,5.13,100.0,5400.0,720.0,460.0,0.1333,1.0,A,Thông thoáng hoàn toàn,0.18,0.18,0.0,0.233
722556034#0,138,3,0.2,100.0,5400.0,720.0,460.0,0.1333,1.0,A,Thông thoáng hoàn toàn,0.01,0.01,0.0,0.2329
720360978#0,67,1,1.28,100.0,1800.0,540.0,251.2,0.3,1.0012,A,Thông thoáng hoàn toàn,0.05,0.05,0.0,0.2307
191937850#1,109,2,75.53,100.0,3600.0,660.0,398.8,0.1833,1.0002,A,Thông thoáng hoàn toàn,2.72,2.72,0.0,0.2234
404368568,92,3,1196.66,80.0,5400.0,1140.0,593.3,0.2111,1.0003,A,Thông thoáng hoàn toàn,53.86,53.87,0.02,0.2225
722357075,112,2,7.84,100.0,3600.0,600.0,395.3,0.1667,1.0001,A,Thông thoáng hoàn toàn,0.28,0.28,0.0,0.2183
-347962231#1,67,1,232.92,50.0,1800.0,480.0,270.0,0.2667,1.0008,A,Thông thoáng hoàn toàn,16.77,16.78,0.01,0.2152
347962231#1,67,1,230.0,50.0,1800.0,480.0,310.0,0.2667,1.0008,A,Thông thoáng hoàn toàn,16.56,16.57,0.01,0.2152
191937846#3,65,1,63.37,100.0,1800.0,480.0,232.9,0.2667,1.0008,A,Thông thoáng hoàn toàn,2.28,2.28,0.0,0.212
-1175493775#1,50,1,118.46,100.0,1800.0,540.0,194.1,0.3,1.0012,A,Thông thoáng hoàn toàn,4.26,4.27,0.01,0.2108
-1175493775#0,47,1,364.97,100.0,1800.0,540.0,213.8,0.3,1.0012,A,Thông thoáng hoàn toàn,13.14,13.15,0.02,0.2085
191937846#4,61,1,157.1,100.0,1800.0,480.0,236.7,0.2667,1.0008,A,Thông thoáng hoàn toàn,5.66,5.66,0.0,0.2076
-566577331,61,1,2.55,80.0,1800.0,480.0,203.3,0.2667,1.0008,A,Thông thoáng hoàn toàn,0.11,0.11,0.0,0.2068
720360982#2,74,1,1.03,100.0,1800.0,420.0,246.7,0.2333,1.0004,A,Thông thoáng hoàn toàn,0.04,0.04,0.0,0.2058
-606920724#1,57,1,18.26,80.0,1800.0,480.0,201.2,0.2667,1.0008,A,Thông thoáng hoàn toàn,0.82,0.82,0.0,0.2021
1484447761#1,0,1,39479.05,350.0,1800.0,0.0,0.0,0.0,1.0,A,Thông thoáng hoàn toàn,406.08,406.08,0.0,0.2
1484447762#1,0,1,39484.97,350.0,1800.0,0.0,0.0,0.0,1.0,A,Thông thoáng hoàn toàn,406.14,406.14,0.0,0.2
1215970291,102,2,17.61,100.0,3600.0,540.0,360.0,0.15,1.0001,A,Thông thoáng hoàn toàn,0.63,0.63,0.0,0.198
-408193287#0,65,1,55.33,100.0,1800.0,420.0,232.9,0.2333,1.0004,A,Thông thoáng hoàn toàn,1.99,1.99,0.0,0.1953
1435980094,99,2,47.15,60.0,3600.0,540.0,370.6,0.15,1.0001,A,Thông thoáng hoàn toàn,2.83,2.83,0.0,0.1945
1270828724,113,3,9.01,100.0,5400.0,600.0,402.4,0.1111,1.0,A,Thông thoáng hoàn toàn,0.32,0.32,0.0,0.1917
1269264063,87,2,3.93,60.0,3600.0,600.0,307.1,0.1667,1.0001,A,Thông thoáng hoàn toàn,0.24,0.24,0.0,0.1882
720342747#0,91,2,209.55,100.0,3600.0,540.0,346.7,0.15,1.0001,A,Thông thoáng hoàn toàn,7.54,7.54,0.0,0.1857
-606920724#0,55,1,7.31,80.0,1800.0,420.0,194.1,0.2333,1.0004,A,Thông thoáng hoàn toàn,0.33,0.33,0.0,0.183
566577331,54,1,2.55,80.0,1800.0,420.0,202.5,0.2333,1.0004,A,Thông thoáng hoàn toàn,0.11,0.11,0.0,0.1817
723594685,86,2,21.31,100.0,3600.0,540.0,307.1,0.15,1.0001,A,Thông thoáng hoàn toàn,0.77,0.77,0.0,0.1787
191937837#0,50,1,294.59,50.0,1800.0,420.0,222.4,0.2333,1.0004,A,Thông thoáng hoàn toàn,21.21,21.22,0.01,0.1784
-606920724#2,51,1,16.54,80.0,1800.0,420.0,183.5,0.2333,1.0004,A,Thông thoáng hoàn toàn,0.74,0.74,0.0,0.1782
-1419189312,35,1,92.28,50.0,1800.0,480.0,144.0,0.2667,1.0008,A,Thông thoáng hoàn toàn,6.64,6.65,0.01,0.176
-1175493775#2,47,1,11.26,100.0,1800.0,420.0,188.0,0.2333,1.0004,A,Thông thoáng hoàn toàn,0.41,0.41,0.0,0.1734
719482084#0,81,2,3.45,60.0,3600.0,540.0,285.9,0.15,1.0001,A,Thông thoáng hoàn toàn,0.21,0.21,0.0,0.1726
720360985,78,2,22.11,100.0,3600.0,540.0,275.3,0.15,1.0001,A,Thông thoáng hoàn toàn,0.8,0.8,0.0,0.1691
1175493775#1,70,2,116.42,100.0,3600.0,600.0,271.8,0.1667,1.0001,A,Thông thoáng hoàn toàn,4.19,4.19,0.0,0.1683
719462304,101,4,51.09,100.0,7200.0,660.0,343.3,0.0917,1.0,A,Thông thoáng hoàn toàn,1.84,1.84,0.0,0.1678
722556035#0,77,2,0.57,100.0,3600.0,540.0,271.8,0.15,1.0001,A,Thông thoáng hoàn toàn,0.02,0.02,0.0,0.1678
722556035#1,77,2,0.2,100.0,3600.0,540.0,271.8,0.15,1.0001,A,Thông thoáng hoàn toàn,0.01,0.01,0.0,0.1678
408193287#0,56,1,54.59,100.0,1800.0,360.0,193.3,0.2,1.0002,A,Thông thoáng hoàn toàn,1.97,1.97,0.0,0.1677
719482084#1,83,2,15.28,60.0,3600.0,480.0,296.5,0.1333,1.0,A,Thông thoáng hoàn toàn,0.92,0.92,0.0,0.1667
191937819#0,77,2,116.63,100.0,3600.0,480.0,289.4,0.1333,1.0,A,Thông thoáng hoàn toàn,4.2,4.2,0.0,0.16
720342747#1,77,2,43.91,100.0,3600.0,480.0,278.8,0.1333,1.0,A,Thông thoáng hoàn toàn,1.58,1.58,0.0,0.1597
-408193287#1,49,1,96.53,100.0,1800.0,360.0,180.0,0.2,1.0002,A,Thông thoáng hoàn toàn,3.47,3.48,0.0,0.1595
1175493775#2,66,2,11.26,100.0,3600.0,540.0,232.9,0.15,1.0001,A,Thông thoáng hoàn toàn,0.41,0.41,0.0,0.1546
408193287#1,44,1,96.53,100.0,1800.0,360.0,162.4,0.2,1.0002,A,Thông thoáng hoàn toàn,3.47,3.48,0.0,0.1535
1215971651,42,1,20.41,50.0,1800.0,360.0,158.8,0.2,1.0002,A,Thông thoáng hoàn toàn,1.47,1.47,0.0,0.1507
32577544#0,40,1,19.98,50.0,1800.0,360.0,153.8,0.2,1.0002,A,Thông thoáng hoàn toàn,1.44,1.44,0.0,0.1483
722058131,37,1,447.04,60.0,1800.0,360.0,170.0,0.2,1.0002,A,Thông thoáng hoàn toàn,26.82,26.82,0.01,0.1468
-1215971651,36,1,19.52,50.0,1800.0,360.0,144.0,0.2,1.0002,A,Thông thoáng hoàn toàn,1.41,1.41,0.0,0.1435
610099998,60,2,791.31,100.0,3600.0,480.0,300.0,0.1333,1.0,A,Thông thoáng hoàn toàn,28.48,28.49,0.0,0.143
1149832778#3,60,2,12.84,100.0,3600.0,480.0,225.0,0.1333,1.0,A,Thông thoáng hoàn toàn,0.46,0.46,0.0,0.139
-606920724#3,45,1,16.67,80.0,1800.0,300.0,158.8,0.1667,1.0001,A,Thông thoáng hoàn toàn,0.75,0.75,0.0,0.1376
-347962231#0,44,1,7.91,50.0,1800.0,300.0,150.0,0.1667,1.0001,A,Thông thoáng hoàn toàn,0.57,0.57,0.0,0.1364
347962231#0,44,1,7.91,50.0,1800.0,300.0,146.7,0.1667,1.0001,A,Thông thoáng hoàn toàn,0.57,0.57,0.0,0.1364
1175493775#0,56,2,365.57,100.0,3600.0,480.0,240.0,0.1333,1.0,A,Thông thoáng hoàn toàn,13.16,13.16,0.0,0.136
-32577544#0,38,1,19.97,50.0,1800.0,300.0,156.0,0.1667,1.0001,A,Thông thoáng hoàn toàn,1.44,1.44,0.0,0.1292
1269264065#1,50,2,11.26,100.0,3600.0,480.0,187.5,0.1333,1.0,A,Thông thoáng hoàn toàn,0.41,0.41,0.0,0.127
224494489#0,36,1,2.26,50.0,1800.0,300.0,166.2,0.1667,1.0001,A,Thông thoáng hoàn toàn,0.16,0.16,0.0,0.1267
-224494489#0,34,1,2.25,50.0,1800.0,300.0,144.0,0.1667,1.0001,A,Thông thoáng hoàn toàn,0.16,0.16,0.0,0.1243
1269264065#0,45,2,490.82,100.0,3600.0,480.0,190.6,0.1333,1.0,A,Thông thoáng hoàn toàn,17.67,17.67,0.0,0.1234
1419189312,32,1,92.28,50.0,1800.0,300.0,127.1,0.1667,1.0001,A,Thông thoáng hoàn toàn,6.64,6.64,0.0,0.1224
218227253#2,73,5,88.93,60.0,9000.0,480.0,282.4,0.0533,1.0,A,Thông thoáng hoàn toàn,5.33,5.33,0.0,0.1151
802338945,25,1,251.41,100.0,1800.0,300.0,124.3,0.1667,1.0001,A,Thông thoáng hoàn toàn,9.05,9.05,0.0,0.1147
224494489#1,33,1,33.67,50.0,1800.0,240.0,150.0,0.1333,1.0,A,Thông thoáng hoàn toàn,2.42,2.42,0.0,0.1066
-224494489#1,30,1,33.82,50.0,1800.0,240.0,132.9,0.1333,1.0,A,Thông thoáng hoàn toàn,2.43,2.43,0.0,0.103
32577544#2,30,1,15.58,50.0,1800.0,240.0,123.8,0.1333,1.0,A,Thông thoáng hoàn toàn,1.12,1.12,0.0,0.1029
606920724#1,30,1,18.26,80.0,1800.0,240.0,112.5,0.1333,1.0,A,Thông thoáng hoàn toàn,0.82,0.82,0.0,0.1029
-606920724#5,28,1,256.24,80.0,1800.0,240.0,128.0,0.1333,1.0,A,Thông thoáng hoàn toàn,11.53,11.53,0.0,0.1017
606920724#0,29,1,7.31,80.0,1800.0,240.0,116.0,0.1333,1.0,A,Thông thoáng hoàn toàn,0.33,0.33,0.0,0.1016
606920724#2,28,1,16.54,80.0,1800.0,240.0,124.3,0.1333,1.0,A,Thông thoáng hoàn toàn,0.74,0.74,0.0,0.1005
224494489#2,26,1,229.08,50.0,1800.0,240.0,132.9,0.1333,1.0,A,Thông thoáng hoàn toàn,16.49,16.49,0.0,0.0992
191937846#5,25,1,267.58,100.0,1800.0,240.0,120.0,0.1333,1.0,A,Thông thoáng hoàn toàn,9.63,9.63,0.0,0.0981
606920724#3,26,1,16.67,80.0,1800.0,240.0,111.4,0.1333,1.0,A,Thông thoáng hoàn toàn,0.75,0.75,0.0,0.0981
32582068,25,1,93.95,50.0,1800.0,240.0,104.0,0.1333,1.0,A,Thông thoáng hoàn toàn,6.76,6.76,0.0,0.0973
610137708,43,2,464.51,60.0,3600.0,300.0,197.6,0.0833,1.0,A,Thông thoáng hoàn toàn,27.87,27.87,0.0,0.0958
-32577544#2,24,1,15.58,50.0,1800.0,240.0,96.0,0.1333,1.0,A,Thông thoáng hoàn toàn,1.12,1.12,0.0,0.0957
32577544#4,24,1,10.37,50.0,1800.0,240.0,120.0,0.1333,1.0,A,Thông thoáng hoàn toàn,0.75,0.75,0.0,0.0956
330532340,43,2,44.5,100.0,3600.0,300.0,161.2,0.0833,1.0,A,Thông thoáng hoàn toàn,1.6,1.6,0.0,0.0937
-191937846#5,21,1,267.52,100.0,1800.0,240.0,110.8,0.1333,1.0,A,Thông thoáng hoàn toàn,9.63,9.63,0.0,0.0933
218227253#1,57,5,40.31,60.0,9000.0,420.0,211.8,0.0467,1.0,A,Thông thoáng hoàn toàn,2.42,2.42,0.0,0.0922
610137669,21,1,21.28,80.0,1800.0,240.0,101.5,0.1333,1.0,A,Thông thoáng hoàn toàn,0.96,0.96,0.0,0.0921
-191937837#6,21,1,1.69,50.0,1800.0,240.0,90.0,0.1333,1.0,A,Thông thoáng hoàn toàn,0.12,0.12,0.0,0.092
218227253#0,57,5,0.71,60.0,9000.0,420.0,201.2,0.0467,1.0,A,Thông thoáng hoàn toàn,0.04,0.04,0.0,0.092
32577544#5,19,1,201.33,50.0,1800.0,240.0,96.0,0.1333,1.0,A,Thông thoáng hoàn toàn,14.49,14.5,0.0,0.0906
606240976,31,2,405.15,60.0,3600.0,360.0,168.0,0.1,1.0,A,Thông thoáng hoàn toàn,24.3,24.3,0.0,0.0894
606240979,18,1,57.93,80.0,1800.0,240.0,103.6,0.1333,1.0,A,Thông thoáng hoàn toàn,2.61,2.61,0.0,0.0886
226572943,0,1,16606.67,110.0,1800.0,0.0,0.0,0.0,1.0,A,Thông thoáng hoàn toàn,543.41,543.41,0.0,0.0841
469364067,0,1,16608.81,110.0,1800.0,0.0,0.0,0.0,1.0,A,Thông thoáng hoàn toàn,543.48,543.48,0.0,0.0841
-1269264065#0,31,2,492.39,100.0,3600.0,300.0,150.0,0.0833,1.0,A,Thông thoáng hoàn toàn,17.72,17.72,0.0,0.0815
1467204558,12,1,54.67,50.0,1800.0,240.0,111.4,0.1333,1.0,A,Thông thoáng hoàn toàn,3.94,3.94,0.0,0.0814
-224494489#2,23,1,229.03,50.0,1800.0,180.0,111.4,0.1,1.0,A,Thông thoáng hoàn toàn,16.49,16.49,0.0,0.0789
1215966887,22,1,121.92,50.0,1800.0,180.0,105.0,0.1,1.0,A,Thông thoáng hoàn toàn,8.78,8.78,0.0,0.0771
211840922#0,50,5,25.71,60.0,9000.0,300.0,200.0,0.0333,1.0,A,Thông thoáng hoàn toàn,1.54,1.54,0.0,0.077
-1419189306#1,21,1,27.06,50.0,1800.0,180.0,96.9,0.1,1.0,A,Thông thoáng hoàn toàn,1.95,1.95,0.0,0.0754
-32582068,19,1,93.95,50.0,1800.0,180.0,109.1,0.1,1.0,A,Thông thoáng hoàn toàn,6.76,6.76,0.0,0.0734
-330532340,33,2,44.5,100.0,3600.0,240.0,132.0,0.0667,1.0,A,Thông thoáng hoàn toàn,1.6,1.6,0.0,0.0733
1419189306#1,19,1,27.06,50.0,1800.0,180.0,95.0,0.1,1.0,A,Thông thoáng hoàn toàn,1.95,1.95,0.0,0.073
606920724#5,18,1,256.24,80.0,1800.0,180.0,115.0,0.1,1.0,A,Thông thoáng hoàn toàn,11.53,11.53,0.0,0.073
-211835011,16,1,99.05,50.0,1800.0,180.0,95.0,0.1,1.0,A,Thông thoáng hoàn toàn,7.13,7.13,0.0,0.0698
291440669,16,1,59.32,50.0,1800.0,180.0,83.1,0.1,1.0,A,Thông thoáng hoàn toàn,4.27,4.27,0.0,0.0696
-1269264065#1,30,2,11.26,100.0,3600.0,240.0,132.9,0.0667,1.0,A,Thông thoáng hoàn toàn,0.41,0.41,0.0,0.0695
719494700,30,2,0.2,60.0,3600.0,240.0,138.5,0.0667,1.0,A,Thông thoáng hoàn toàn,0.01,0.01,0.0,0.0695
-802338945,15,1,251.4,100.0,1800.0,180.0,108.0,0.1,1.0,A,Thông thoáng hoàn toàn,9.05,9.05,0.0,0.0693
-1467204558,14,1,54.67,50.0,1800.0,180.0,105.0,0.1,1.0,A,Thông thoáng hoàn toàn,3.94,3.94,0.0,0.0671
720360984,26,2,296.93,60.0,3600.0,240.0,136.0,0.0667,1.0,A,Thông thoáng hoàn toàn,17.81,17.81,0.0,0.0662
1484447761#0,0,1,12924.19,350.0,1800.0,0.0,0.0,0.0,1.0,A,Thông thoáng hoàn toàn,132.94,132.94,0.0,0.0655
1484447762#0,0,1,12924.06,350.0,1800.0,0.0,0.0,0.0,1.0,A,Thông thoáng hoàn toàn,132.94,132.94,0.0,0.0655
-291440669,12,1,59.32,50.0,1800.0,180.0,97.5,0.1,1.0,A,Thông thoáng hoàn toàn,4.27,4.27,0.0,0.0648
-608573091,11,1,67.99,50.0,1800.0,180.0,90.0,0.1,1.0,A,Thông thoáng hoàn toàn,4.89,4.89,0.0,0.0636
1265471307,10,1,6.33,50.0,1800.0,180.0,75.0,0.1,1.0,A,Thông thoáng hoàn toàn,0.46,0.46,0.0,0.0621
191937830#0,9,1,7.4,80.0,1800.0,180.0,90.0,0.1,1.0,A,Thông thoáng hoàn toàn,0.33,0.33,0.0,0.0609
218227252,12,2,636.78,60.0,3600.0,300.0,100.0,0.0833,1.0,A,Thông thoáng hoàn toàn,38.2,38.2,0.0,0.0593
404368564#1,27,2,46.97,60.0,3600.0,180.0,124.3,0.05,1.0,A,Thông thoáng hoàn toàn,2.82,2.82,0.0,0.0578
404368564#2,26,2,0.2,60.0,3600.0,180.0,130.0,0.05,1.0,A,Thông thoáng hoàn toàn,0.01,0.01,0.0,0.0563
211840922#1,35,5,8.51,60.0,9000.0,240.0,140.0,0.0267,1.0,A,Thông thoáng hoàn toàn,0.51,0.51,0.0,0.0555
566567150,17,2,80.51,80.0,3600.0,240.0,135.0,0.0667,1.0,A,Thông thoáng hoàn toàn,3.62,3.62,0.0,0.0542
-32577544#4,17,1,10.37,50.0,1800.0,120.0,85.0,0.0667,1.0,A,Thông thoáng hoàn toàn,0.75,0.75,0.0,0.0539
211835011,16,1,99.05,50.0,1800.0,120.0,85.0,0.0667,1.0,A,Thông thoáng hoàn toàn,7.13,7.13,0.0,0.0531
404368564#0,22,2,35.82,60.0,3600.0,180.0,94.3,0.05,1.0,A,Thông thoáng hoàn toàn,2.15,2.15,0.0,0.0517
-32577544#5,14,1,201.33,50.0,1800.0,120.0,81.8,0.0667,1.0,A,Thông thoáng hoàn toàn,14.49,14.49,0.0,0.0512
608573091,12,1,67.99,50.0,1800.0,120.0,86.7,0.0667,1.0,A,Thông thoáng hoàn toàn,4.89,4.89,0.0,0.0481
291440678,11,1,31.12,50.0,1800.0,120.0,90.0,0.0667,1.0,A,Thông thoáng hoàn toàn,2.24,2.24,0.0,0.0467
1419189311,10,1,104.88,100.0,1800.0,120.0,80.0,0.0667,1.0,A,Thông thoáng hoàn toàn,3.78,3.78,0.0,0.0459
-291440678,10,1,31.12,50.0,1800.0,120.0,66.7,0.0667,1.0,A,Thông thoáng hoàn toàn,2.24,2.24,0.0,0.0455
-291440679,9,1,31.41,50.0,1800.0,120.0,75.0,0.0667,1.0,A,Thông thoáng hoàn toàn,2.26,2.26,0.0,0.0443
291440679,9,1,31.41,50.0,1800.0,120.0,77.1,0.0667,1.0,A,Thông thoáng hoàn toàn,2.26,2.26,0.0,0.0443
-1215971650,8,1,60.99,50.0,1800.0,120.0,68.6,0.0667,1.0,A,Thông thoáng hoàn toàn,4.39,4.39,0.0,0.0433
1215971650,6,1,61.61,50.0,1800.0,120.0,72.0,0.0667,1.0,A,Thông thoáng hoàn toàn,4.44,4.44,0.0,0.0409
-1419189311,5,1,104.88,100.0,1800.0,120.0,75.0,0.0667,1.0,A,Thông thoáng hoàn toàn,3.78,3.78,0.0,0.0399
1385625111#1,5,1,16.98,80.0,1800.0,120.0,100.0,0.0667,1.0,A,Thông thoáng hoàn toàn,0.76,0.76,0.0,0.0394
291440682,3,1,31.45,50.0,1800.0,120.0,90.0,0.0667,1.0,A,Thông thoáng hoàn toàn,2.26,2.26,0.0,0.0371
566594770,12,3,141.31,60.0,5400.0,180.0,90.0,0.0333,1.0,A,Thông thoáng hoàn toàn,8.48,8.48,0.0,0.0318
-291440682,9,1,31.45,50.0,1800.0,60.0,60.0,0.0333,1.0,A,Thông thoáng hoàn toàn,2.26,2.26,0.0,0.0277
-1419189306#0,6,1,66.88,50.0,1800.0,60.0,60.0,0.0333,1.0,A,Thông thoáng hoàn toàn,4.81,4.81,0.0,0.0242
1419189306#0,6,1,66.88,50.0,1800.0,60.0,60.0,0.0333,1.0,A,Thông thoáng hoàn toàn,4.81,4.81,0.0,0.0242
720360983#0,6,2,35.7,60.0,3600.0,120.0,72.0,0.0333,1.0,A,Thông thoáng hoàn toàn,2.14,2.14,0.0,0.0241
-608573092,5,1,58.77,50.0,1800.0,60.0,60.0,0.0333,1.0,A,Thông thoáng hoàn toàn,4.23,4.23,0.0,0.023
608573092,5,1,58.77,50.0,1800.0,60.0,60.0,0.0333,1.0,A,Thông thoáng hoàn toàn,4.23,4.23,0.0,0.023
191937830#1,5,1,1.81,80.0,1800.0,60.0,60.0,0.0333,1.0,A,Thông thoáng hoàn toàn,0.08,0.08,0.0,0.0227
1215970783,4,1,11.42,50.0,1800.0,60.0,60.0,0.0333,1.0,A,Thông thoáng hoàn toàn,0.82,0.82,0.0,0.0215
-1215966886,3,1,15.55,50.0,1800.0,60.0,60.0,0.0333,1.0,A,Thông thoáng hoàn toàn,1.12,1.12,0.0,0.0204
1215966886,3,1,15.55,50.0,1800.0,60.0,60.0,0.0333,1.0,A,Thông thoáng hoàn toàn,1.12,1.12,0.0,0.0204
722357076#1,3,1,5.28,80.0,1800.0,60.0,60.0,0.0333,1.0,A,Thông thoáng hoàn toàn,0.24,0.24,0.0,0.0203
722357076#0,2,1,3.09,80.0,1800.0,60.0,60.0,0.0333,1.0,A,Thông thoáng hoàn toàn,0.14,0.14,0.0,0.0191
722555105#0,1,1,2.58,80.0,1800.0,60.0,60.0,0.0333,1.0,A,Thông thoáng hoàn toàn,0.12,0.12,0.0,0.0179
1435980095,6,2,0.2,60.0,3600.0,60.0,60.0,0.0167,1.0,A,Thông thoáng hoàn toàn,0.01,0.01,0.0,0.0156
720360983#1,4,2,46.3,60.0,3600.0,60.0,60.0,0.0167,1.0,A,Thông thoáng hoàn toàn,2.78,2.78,0.0,0.0134
720360983#2,4,2,0.2,60.0,3600.0,60.0,60.0,0.0167,1.0,A,Thông thoáng hoàn toàn,0.01,0.01,0.0,0.0132
211835010,0,2,639.0,60.0,3600.0,0.0,0.0,0.0,1.0,A,Thông thoáng hoàn toàn,38.33,38.33,0.0,0.0032
-952305609#0,0,1,179.89,20.0,1800.0,0.0,0.0,0.0,1.0,A,Thông thoáng hoàn toàn,32.35,32.35,0.0,0.0009
952305609#0,0,1,179.77,20.0,1800.0,0.0,0.0,0.0,1.0,A,Thông thoáng hoàn toàn,32.33,32.33,0.0,0.0009
-695757489,0,1,129.21,20.0,1800.0,0.0,0.0,0.0,1.0,A,Thông thoáng hoàn toàn,23.24,23.24,0.0,0.0007
695757489,0,1,129.21,20.0,1800.0,0.0,0.0,0.0,1.0,A,Thông thoáng hoàn toàn,23.24,23.24,0.0,0.0007
-610137730,0,1,115.5,20.0,1800.0,0.0,0.0,0.0,1.0,A,Thông thoáng hoàn toàn,20.77,20.77,0.0,0.0006
-610137732,0,1,114.77,20.0,1800.0,0.0,0.0,0.0,1.0,A,Thông thoáng hoàn toàn,20.64,20.64,0.0,0.0006
610137730,0,1,111.04,20.0,1800.0,0.0,0.0,0.0,1.0,A,Thông thoáng hoàn toàn,19.97,19.97,0.0,0.0006
610137732,0,1,115.69,20.0,1800.0,0.0,0.0,0.0,1.0,A,Thông thoáng hoàn toàn,20.81,20.81,0.0,0.0006
-256497912#2,0,1,89.09,20.0,1800.0,0.0,0.0,0.0,1.0,A,Thông thoáng hoàn toàn,16.02,16.02,0.0,0.0005
-287855430,0,1,89.46,20.0,1800.0,0.0,0.0,0.0,1.0,A,Thông thoáng hoàn toàn,16.09,16.09,0.0,0.0005
-306704225,0,1,95.06,20.0,1800.0,0.0,0.0,0.0,1.0,A,Thông thoáng hoàn toàn,17.1,17.1,0.0,0.0005
-503192599,0,1,94.67,20.0,1800.0,0.0,0.0,0.0,1.0,A,Thông thoáng hoàn toàn,17.03,17.03,0.0,0.0005
256497912#2,0,1,89.09,20.0,1800.0,0.0,0.0,0.0,1.0,A,Thông thoáng hoàn toàn,16.02,16.02,0.0,0.0005
287855430,0,1,90.84,20.0,1800.0,0.0,0.0,0.0,1.0,A,Thông thoáng hoàn toàn,16.34,16.34,0.0,0.0005
306704225,0,1,95.4,20.0,1800.0,0.0,0.0,0.0,1.0,A,Thông thoáng hoàn toàn,17.16,17.16,0.0,0.0005
503192599,0,1,94.67,20.0,1800.0,0.0,0.0,0.0,1.0,A,Thông thoáng hoàn toàn,17.03,17.03,0.0,0.0005
-224492699#1,0,1,76.95,20.0,1800.0,0.0,0.0,0.0,1.0,A,Thông thoáng hoàn toàn,13.84,13.84,0.0,0.0004
-306704226#1,0,1,86.06,20.0,1800.0,0.0,0.0,0.0,1.0,A,Thông thoáng hoàn toàn,15.48,15.48,0.0,0.0004
224492699#1,0,1,74.64,20.0,1800.0,0.0,0.0,0.0,1.0,A,Thông thoáng hoàn toàn,13.42,13.42,0.0,0.0004
306704226#1,0,1,86.06,20.0,1800.0,0.0,0.0,0.0,1.0,A,Thông thoáng hoàn toàn,15.48,15.48,0.0,0.0004
-256497912#1,0,1,59.45,20.0,1800.0,0.0,0.0,0.0,1.0,A,Thông thoáng hoàn toàn,10.69,10.69,0.0,0.0003
-256497913#0,0,1,52.89,20.0,1800.0,0.0,0.0,0.0,1.0,A,Thông thoáng hoàn toàn,9.51,9.51,0.0,0.0003
-256497913#1,0,1,56.86,20.0,1800.0,0.0,0.0,0.0,1.0,A,Thông thoáng hoàn toàn,10.23,10.23,0.0,0.0003
-607291206#0,0,1,66.61,20.0,1800.0,0.0,0.0,0.0,1.0,A,Thông thoáng hoàn toàn,11.98,11.98,0.0,0.0003
-607291206#1,0,1,62.52,20.0,1800.0,0.0,0.0,0.0,1.0,A,Thông thoáng hoàn toàn,11.24,11.24,0.0,0.0003
-952305609#1,0,1,58.54,20.0,1800.0,0.0,0.0,0.0,1.0,A,Thông thoáng hoàn toàn,10.53,10.53,0.0,0.0003
256497912#1,0,1,59.45,20.0,1800.0,0.0,0.0,0.0,1.0,A,Thông thoáng hoàn toàn,10.69,10.69,0.0,0.0003
256497913#0,0,1,52.89,20.0,1800.0,0.0,0.0,0.0,1.0,A,Thông thoáng hoàn toàn,9.51,9.51,0.0,0.0003
256497913#1,0,1,56.86,20.0,1800.0,0.0,0.0,0.0,1.0,A,Thông thoáng hoàn toàn,10.23,10.23,0.0,0.0003
293328210,0,1,68.16,10.0,1800.0,0.0,0.0,0.0,1.0,A,Thông thoáng hoàn toàn,24.52,24.52,0.0,0.0003
527116699,0,1,56.85,10.0,1800.0,0.0,0.0,0.0,1.0,A,Thông thoáng hoàn toàn,20.45,20.45,0.0,0.0003
607291206#0,0,1,66.61,20.0,1800.0,0.0,0.0,0.0,1.0,A,Thông thoáng hoàn toàn,11.98,11.98,0.0,0.0003
607291206#1,0,1,62.52,20.0,1800.0,0.0,0.0,0.0,1.0,A,Thông thoáng hoàn toàn,11.24,11.24,0.0,0.0003
952305609#1,0,1,58.54,20.0,1800.0,0.0,0.0,0.0,1.0,A,Thông thoáng hoàn toàn,10.53,10.53,0.0,0.0003
-1229637201,0,1,41.9,20.0,1800.0,0.0,0.0,0.0,1.0,A,Thông thoáng hoàn toàn,7.54,7.54,0.0,0.0002
-306704226#0,0,1,39.29,20.0,1800.0,0.0,0.0,0.0,1.0,A,Thông thoáng hoàn toàn,7.07,7.07,0.0,0.0002
-501540198,0,1,41.34,20.0,1800.0,0.0,0.0,0.0,1.0,A,Thông thoáng hoàn toàn,7.44,7.44,0.0,0.0002
-722357074,0,1,31.27,20.0,1800.0,0.0,0.0,0.0,1.0,A,Thông thoáng hoàn toàn,5.62,5.62,0.0,0.0002
-723594684,0,1,39.41,100.0,1800.0,0.0,0.0,0.0,1.0,A,Thông thoáng hoàn toàn,1.42,1.42,0.0,0.0002
-899872956,0,1,36.45,20.0,1800.0,0.0,0.0,0.0,1.0,A,Thông thoáng hoàn toàn,6.56,6.56,0.0,0.0002
1229637201,0,1,41.9,20.0,1800.0,0.0,0.0,0.0,1.0,A,Thông thoáng hoàn toàn,7.54,7.54,0.0,0.0002
211835012,0,2,35.98,60.0,3600.0,0.0,0.0,0.0,1.0,A,Thông thoáng hoàn toàn,2.16,2.16,0.0,0.0002
306704226#0,0,1,39.29,20.0,1800.0,0.0,0.0,0.0,1.0,A,Thông thoáng hoàn toàn,7.07,7.07,0.0,0.0002
501540198,0,1,41.34,20.0,1800.0,0.0,0.0,0.0,1.0,A,Thông thoáng hoàn toàn,7.44,7.44,0.0,0.0002
722357074,0,1,31.27,20.0,1800.0,0.0,0.0,0.0,1.0,A,Thông thoáng hoàn toàn,5.62,5.62,0.0,0.0002
723594683,0,2,35.32,100.0,3600.0,0.0,0.0,0.0,1.0,A,Thông thoáng hoàn toàn,1.27,1.27,0.0,0.0002
723594684,0,2,39.41,100.0,3600.0,0.0,0.0,0.0,1.0,A,Thông thoáng hoàn toàn,1.42,1.42,0.0,0.0002
899872956,0,1,38.19,20.0,1800.0,0.0,0.0,0.0,1.0,A,Thông thoáng hoàn toàn,6.87,6.87,0.0,0.0002
-224492699#0,0,1,17.77,20.0,1800.0,0.0,0.0,0.0,1.0,A,Thông thoáng hoàn toàn,3.2,3.2,0.0,0.0001
-256497912#0,0,1,26.25,20.0,1800.0,0.0,0.0,0.0,1.0,A,Thông thoáng hoàn toàn,4.72,4.72,0.0,0.0001
-610137726,0,1,20.21,20.0,1800.0,0.0,0.0,0.0,1.0,A,Thông thoáng hoàn toàn,3.63,3.63,0.0,0.0001
-610137728,0,1,19.48,20.0,1800.0,0.0,0.0,0.0,1.0,A,Thông thoáng hoàn toàn,3.5,3.5,0.0,0.0001
-723249851,0,1,22.53,20.0,1800.0,0.0,0.0,0.0,1.0,A,Thông thoáng hoàn toàn,4.05,4.05,0.0,0.0001
-723594685,0,1,21.31,100.0,1800.0,0.0,0.0,0.0,1.0,A,Thông thoáng hoàn toàn,0.77,0.77,0.0,0.0001
1106838009#1,0,1,19.05,10.0,1800.0,0.0,0.0,0.0,1.0,A,Thông thoáng hoàn toàn,6.85,6.85,0.0,0.0001
1106838010#1,0,1,21.33,10.0,1800.0,0.0,0.0,0.0,1.0,A,Thông thoáng hoàn toàn,7.67,7.67,0.0,0.0001
224492699#0,0,1,17.77,20.0,1800.0,0.0,0.0,0.0,1.0,A,Thông thoáng hoàn toàn,3.2,3.2,0.0,0.0001
256497912#0,0,1,26.25,20.0,1800.0,0.0,0.0,0.0,1.0,A,Thông thoáng hoàn toàn,4.72,4.72,0.0,0.0001
610137726,0,1,20.19,20.0,1800.0,0.0,0.0,0.0,1.0,A,Thông thoáng hoàn toàn,3.63,3.63,0.0,0.0001
610137728,0,1,13.36,20.0,1800.0,0.0,0.0,0.0,1.0,A,Thông thoáng hoàn toàn,2.4,2.4,0.0,0.0001
723249851,0,1,22.53,20.0,1800.0,0.0,0.0,0.0,1.0,A,Thông thoáng hoàn toàn,4.05,4.05,0.0,0.0001
-1270828725,0,1,0.2,80.0,1800.0,0.0,0.0,0.0,1.0,A,Thông thoáng hoàn toàn,0.01,0.01,0.0,0.0
-1489694985,0,1,0.2,80.0,1800.0,0.0,0.0,0.0,1.0,A,Thông thoáng hoàn toàn,0.01,0.01,0.0,0.0
-32577544#1,0,1,0.2,50.0,1800.0,0.0,0.0,0.0,1.0,A,Thông thoáng hoàn toàn,0.01,0.01,0.0,0.0
-32577544#3,0,1,0.2,50.0,1800.0,0.0,0.0,0.0,1.0,A,Thông thoáng hoàn toàn,0.01,0.01,0.0,0.0
-606920724#4,0,1,0.2,80.0,1800.0,0.0,0.0,0.0,1.0,A,Thông thoáng hoàn toàn,0.01,0.01,0.0,0.0
1104943514#0,0,1,8.74,10.0,1800.0,0.0,0.0,0.0,1.0,A,Thông thoáng hoàn toàn,3.14,3.14,0.0,0.0
1104943514#1,0,1,0.36,10.0,1800.0,0.0,0.0,0.0,1.0,A,Thông thoáng hoàn toàn,0.13,0.13,0.0,0.0
1106838009#0,0,1,0.17,10.0,1800.0,0.0,0.0,0.0,1.0,A,Thông thoáng hoàn toàn,0.06,0.06,0.0,0.0
1106838010#0,0,1,0.2,10.0,1800.0,0.0,0.0,0.0,1.0,A,Thông thoáng hoàn toàn,0.07,0.07,0.0,0.0
1106838010#2,0,1,2.86,10.0,1800.0,0.0,0.0,0.0,1.0,A,Thông thoáng hoàn toàn,1.03,1.03,0.0,0.0
1106838011,0,1,1.95,10.0,1800.0,0.0,0.0,0.0,1.0,A,Thông thoáng hoàn toàn,0.7,0.7,0.0,0.0
1215970290#1,0,2,0.2,100.0,3600.0,0.0,0.0,0.0,1.0,A,Thông thoáng hoàn toàn,0.01,0.01,0.0,0.0
1269264064#0,0,2,0.2,100.0,3600.0,0.0,0.0,0.0,1.0,A,Thông thoáng hoàn toàn,0.01,0.01,0.0,0.0
1270139985,0,5,4.64,60.0,9000.0,0.0,0.0,0.0,1.0,A,Thông thoáng hoàn toàn,0.28,0.28,0.0,0.0
1270828725,0,1,0.2,80.0,1800.0,0.0,0.0,0.0,1.0,A,Thông thoáng hoàn toàn,0.01,0.01,0.0,0.0
1381966658#0,0,1,1.95,10.0,1800.0,0.0,0.0,0.0,1.0,A,Thông thoáng hoàn toàn,0.7,0.7,0.0,0.0
1381966658#1,0,1,0.77,10.0,1800.0,0.0,0.0,0.0,1.0,A,Thông thoáng hoàn toàn,0.28,0.28,0.0,0.0
1381966659#0,0,1,3.14,10.0,1800.0,0.0,0.0,0.0,1.0,A,Thông thoáng hoàn toàn,1.13,1.13,0.0,0.0
1381966659#1,0,1,4.44,10.0,1800.0,0.0,0.0,0.0,1.0,A,Thông thoáng hoàn toàn,1.6,1.6,0.0,0.0
1381966660#0,0,1,0.74,10.0,1800.0,0.0,0.0,0.0,1.0,A,Thông thoáng hoàn toàn,0.27,0.27,0.0,0.0
1381966660#1,0,1,0.2,10.0,1800.0,0.0,0.0,0.0,1.0,A,Thông thoáng hoàn toàn,0.07,0.07,0.0,0.0
1385625111#0,0,1,0.2,80.0,1800.0,0.0,0.0,0.0,1.0,A,Thông thoáng hoàn toàn,0.01,0.01,0.0,0.0
1489694985,0,1,0.2,80.0,1800.0,0.0,0.0,0.0,1.0,A,Thông thoáng hoàn toàn,0.01,0.01,0.0,0.0
191937819#1,0,2,0.14,100.0,3600.0,0.0,0.0,0.0,1.0,A,Thông thoáng hoàn toàn,0.01,0.01,0.0,0.0
191937848#2,0,3,2.34,100.0,5400.0,0.0,0.0,0.0,1.0,A,Thông thoáng hoàn toàn,0.08,0.08,0.0,0.0
191937850#0,0,2,1.41,100.0,3600.0,0.0,0.0,0.0,1.0,A,Thông thoáng hoàn toàn,0.05,0.05,0.0,0.0
211840922#2,0,5,2.64,60.0,9000.0,0.0,0.0,0.0,1.0,A,Thông thoáng hoàn toàn,0.16,0.16,0.0,0.0
32577544#1,0,1,0.2,50.0,1800.0,0.0,0.0,0.0,1.0,A,Thông thoáng hoàn toàn,0.01,0.01,0.0,0.0
32577544#3,0,1,0.2,50.0,1800.0,0.0,0.0,0.0,1.0,A,Thông thoáng hoàn toàn,0.01,0.01,0.0,0.0
606920724#4,0,1,0.2,80.0,1800.0,0.0,0.0,0.0,1.0,A,Thông thoáng hoàn toàn,0.01,0.01,0.0,0.0
607291202,0,1,9.32,80.0,1800.0,0.0,0.0,0.0,1.0,A,Thông thoáng hoàn toàn,0.42,0.42,0.0,0.0
720360979#0,0,1,0.2,10.0,1800.0,0.0,0.0,0.0,1.0,A,Thông thoáng hoàn toàn,0.07,0.07,0.0,0.0
720360979#1,0,1,0.2,10.0,1800.0,0.0,0.0,0.0,1.0,A,Thông thoáng hoàn toàn,0.07,0.07,0.0,0.0
720360980,0,1,0.2,10.0,1800.0,0.0,0.0,0.0,1.0,A,Thông thoáng hoàn toàn,0.07,0.07,0.0,0.0
720360981#0,0,1,0.2,10.0,1800.0,0.0,0.0,0.0,1.0,A,Thông thoáng hoàn toàn,0.07,0.07,0.0,0.0
720360981#1,0,1,0.2,10.0,1800.0,0.0,0.0,0.0,1.0,A,Thông thoáng hoàn toàn,0.07,0.07,0.0,0.0
721758080,0,2,1.52,60.0,3600.0,0.0,0.0,0.0,1.0,A,Thông thoáng hoàn toàn,0.09,0.09,0.0,0.0
722357077,0,1,3.32,10.0,1800.0,0.0,0.0,0.0,1.0,A,Thông thoáng hoàn toàn,1.19,1.19,0.0,0.0
722555105#1,0,1,3.37,80.0,1800.0,0.0,0.0,0.0,1.0,A,Thông thoáng hoàn toàn,0.15,0.15,0.0,0.0
722555106#0,0,1,0.38,10.0,1800.0,0.0,0.0,0.0,1.0,A,Thông thoáng hoàn toàn,0.14,0.14,0.0,0.0
722555106#1,0,1,5.33,10.0,1800.0,0.0,0.0,0.0,1.0,A,Thông thoáng hoàn toàn,1.92,1.92,0.0,0.0
722555106#2,0,1,0.2,10.0,1800.0,0.0,0.0,0.0,1.0,A,Thông thoáng hoàn toàn,0.07,0.07,0.0,0.0
722555106#3,0,1,0.2,10.0,1800.0,0.0,0.0,0.0,1.0,A,Thông thoáng hoàn toàn,0.07,0.07,0.0,0.0
723249849#0,0,3,4.76,100.0,5400.0,0.0,0.0,0.0,1.0,A,Thông thoáng hoàn toàn,0.17,0.17,0.0,0.0
