episode,reward,avg_queue,epsilon,loss,buf_size
1,-136951.0,38.04,0.995,3.846857,14397
2,-141140.0,39.21,0.99003,3.846857,14398
3,-145014.0,40.28,0.98507,3.846857,14399
4,-141138.0,39.2,0.98015,3.846857,14400
5,-141372.0,39.27,0.97525,9.195431,28797
6,-143127.0,39.76,0.97037,9.195431,28798
7,-146023.0,40.56,0.96552,9.195431,28799
8,-139062.0,38.63,0.96069,9.195431,28800
9,-143732.0,39.93,0.95589,12.342604,43197
10,-140606.0,39.06,0.95111,12.342604,43198
11,-141119.0,39.2,0.94635,12.342604,43199
12,-141206.0,39.22,0.94162,12.342604,43200
13,-141124.0,39.2,0.93691,16.452679,57597
14,-145309.0,40.36,0.93223,16.452679,57598
15,-146111.0,40.59,0.92757,16.452679,57599
16,-145309.0,40.36,0.92293,16.452679,57600
17,-136156.0,37.82,0.91832,18.786211,71997
18,-145527.0,40.42,0.91372,18.786211,71998
19,-141607.0,39.34,0.90916,18.786211,71999
20,-139875.0,38.85,0.90461,18.786211,72000
21,-144727.0,40.2,0.90009,21.561147,86397
22,-138936.0,38.59,0.89559,21.561147,86398
23,-142564.0,39.6,0.89111,21.561147,86399
24,-139287.0,38.69,0.88665,21.561147,86400
25,-148164.0,41.16,0.88222,22.773273,100000
26,-143232.0,39.79,0.87781,22.773273,100000
27,-139590.0,38.77,0.87342,22.773273,100000
28,-141022.0,39.17,0.86905,22.773273,100000
29,-135072.0,37.52,0.86471,24.658253,100000
30,-139439.0,38.73,0.86038,24.658253,100000
31,-142086.0,39.47,0.85608,24.658253,100000
32,-140541.0,39.04,0.8518,24.658253,100000
33,-140753.0,39.1,0.84754,25.425566,100000
34,-137527.0,38.2,0.84331,25.425566,100000
35,-138339.0,38.43,0.83909,25.425566,100000
36,-140415.0,39.0,0.83489,25.425566,100000
37,-139672.0,38.8,0.83072,26.602696,100000
38,-142924.0,39.7,0.82657,26.602696,100000
39,-142966.0,39.71,0.82243,26.602696,100000
40,-138545.0,38.48,0.81832,26.602696,100000
41,-134362.0,37.32,0.81423,26.68418,100000
42,-139442.0,38.73,0.81016,26.68418,100000
43,-141960.0,39.43,0.80611,26.68418,100000
44,-138934.0,38.59,0.80208,26.68418,100000
45,-139744.0,38.82,0.79807,27.777851,100000
46,-136911.0,38.03,0.79408,27.777851,100000
47,-139501.0,38.75,0.7901,27.777851,100000
48,-141525.0,39.31,0.78615,27.777851,100000
49,-139607.0,38.78,0.78222,28.560793,100000
50,-142826.0,39.67,0.77831,28.560793,100000
51,-137947.0,38.32,0.77442,28.560793,100000
52,-140000.0,38.89,0.77055,28.560793,100000
53,-141323.0,39.26,0.7667,28.438213,100000
54,-137425.0,38.17,0.76286,28.438213,100000
55,-141613.0,39.34,0.75905,28.438213,100000
56,-140564.0,39.05,0.75525,28.438213,100000
57,-141168.0,39.21,0.75148,28.158715,100000
58,-134446.0,37.35,0.74772,28.158715,100000
59,-140359.0,38.99,0.74398,28.158715,100000
60,-136843.0,38.01,0.74026,28.158715,100000
61,-144587.0,40.16,0.73656,28.300087,100000
62,-142874.0,39.69,0.73288,28.300087,100000
63,-138542.0,38.48,0.72921,28.300087,100000
64,-140089.0,38.91,0.72557,28.300087,100000
65,-137413.0,38.17,0.72194,28.674324,100000
66,-140652.0,39.07,0.71833,28.674324,100000
67,-136450.0,37.9,0.71474,28.674324,100000
68,-139963.0,38.88,0.71116,28.674324,100000
69,-142338.0,39.54,0.70761,28.407556,100000
70,-143530.0,39.87,0.70407,28.407556,100000
71,-140404.0,39.0,0.70055,28.407556,100000
72,-150170.0,41.71,0.69705,28.407556,100000
73,-140086.0,38.91,0.69356,28.092959,100000
74,-136320.0,37.87,0.69009,28.092959,100000
75,-139766.0,38.82,0.68664,28.092959,100000
76,-142652.0,39.63,0.68321,28.092959,100000
77,-142365.0,39.55,0.67979,29.012414,100000
78,-141635.0,39.34,0.67639,29.012414,100000
79,-142854.0,39.68,0.67301,29.012414,100000
80,-140688.0,39.08,0.66965,29.012414,100000
81,-142658.0,39.63,0.6663,28.69642,100000
82,-141515.0,39.31,0.66297,28.69642,100000
83,-139512.0,38.75,0.65965,28.69642,100000
84,-144545.0,40.15,0.65635,28.69642,100000
85,-134985.0,37.5,0.65307,28.754272,100000
86,-142263.0,39.52,0.64981,28.754272,100000
87,-136653.0,37.96,0.64656,28.754272,100000
88,-141469.0,39.3,0.64333,28.754272,100000
89,-142411.0,39.56,0.64011,29.462182,100000
90,-135120.0,37.53,0.63691,29.462182,100000
91,-135690.0,37.69,0.63372,29.462182,100000
92,-142402.0,39.56,0.63056,29.462182,100000
93,-141526.0,39.31,0.6274,29.097013,100000
94,-143938.0,39.98,0.62427,29.097013,100000
95,-139908.0,38.86,0.62114,29.097013,100000
96,-137054.0,38.07,0.61804,29.097013,100000
97,-143208.0,39.78,0.61495,29.051138,100000
98,-133135.0,36.98,0.61187,29.051138,100000
99,-139145.0,38.65,0.60881,29.051138,100000
100,-145651.0,40.46,0.60577,29.051138,100000
101,-138056.0,38.35,0.60274,28.857684,100000
102,-138048.0,38.35,0.59973,28.857684,100000
103,-137386.0,38.16,0.59673,28.857684,100000
104,-143337.0,39.82,0.59375,28.857684,100000
105,-140609.0,39.06,0.59078,29.039225,100000
106,-140413.0,39.0,0.58782,29.039225,100000
107,-136464.0,37.91,0.58488,29.039225,100000
108,-143307.0,39.81,0.58196,29.039225,100000
109,-138713.0,38.53,0.57905,30.172394,100000
110,-134109.0,37.25,0.57615,30.172394,100000
111,-144353.0,40.1,0.57327,30.172394,100000
112,-135913.0,37.75,0.57041,30.172394,100000
113,-143433.0,39.84,0.56756,29.614969,100000
114,-142134.0,39.48,0.56472,29.614969,100000
115,-140887.0,39.14,0.56189,29.614969,100000
116,-135537.0,37.65,0.55908,29.614969,100000
117,-142052.0,39.46,0.55629,30.170004,100000
118,-140522.0,39.03,0.55351,30.170004,100000
119,-132844.0,36.9,0.55074,30.170004,100000
120,-142166.0,39.49,0.54799,30.170004,100000
121,-140177.0,38.94,0.54525,31.141512,100000
122,-133360.0,37.04,0.54252,31.141512,100000
123,-142634.0,39.62,0.53981,31.141512,100000
124,-135851.0,37.74,0.53711,31.141512,100000
125,-141354.0,39.27,0.53442,31.190843,100000
126,-135109.0,37.53,0.53175,31.190843,100000
127,-138797.0,38.55,0.52909,31.190843,100000
128,-141006.0,39.17,0.52645,31.190843,100000
129,-140003.0,38.89,0.52381,30.838819,100000
130,-135814.0,37.73,0.5212,30.838819,100000
131,-141060.0,39.18,0.51859,30.838819,100000
132,-138615.0,38.5,0.516,30.838819,100000
133,-139192.0,38.66,0.51342,31.167351,100000
134,-141646.0,39.35,0.51085,31.167351,100000
135,-131758.0,36.6,0.5083,31.167351,100000
136,-140533.0,39.04,0.50575,31.167351,100000
137,-135596.0,37.67,0.50322,31.718776,100000
138,-132108.0,36.7,0.50071,31.718776,100000
139,-141879.0,39.41,0.49821,31.718776,100000
140,-134171.0,37.27,0.49571,31.718776,100000
141,-138815.0,38.56,0.49324,32.051509,100000
142,-136067.0,37.8,0.49077,32.051509,100000
143,-140588.0,39.05,0.48832,32.051509,100000
144,-137531.0,38.2,0.48587,32.051509,100000
145,-138936.0,38.59,0.48344,32.507951,100000
146,-132985.0,36.94,0.48103,32.507951,100000
147,-131900.0,36.64,0.47862,32.507951,100000
148,-140089.0,38.91,0.47623,32.507951,100000
149,-135130.0,37.54,0.47385,32.827088,100000
150,-137954.0,38.32,0.47148,32.827088,100000
151,-140896.0,39.14,0.46912,32.827088,100000
152,-136395.0,37.89,0.46678,32.827088,100000
153,-142694.0,39.64,0.46444,33.285506,100000
154,-141151.0,39.21,0.46212,33.285506,100000
155,-139137.0,38.65,0.45981,33.285506,100000
156,-134887.0,37.47,0.45751,33.285506,100000
157,-134890.0,37.47,0.45522,34.05991,100000
158,-137441.0,38.18,0.45295,34.05991,100000
159,-136863.0,38.02,0.45068,34.05991,100000
160,-143583.0,39.88,0.44843,34.05991,100000
161,-139540.0,38.76,0.44619,34.806787,100000
162,-140180.0,38.94,0.44396,34.806787,100000
163,-131304.0,36.47,0.44174,34.806787,100000
164,-134651.0,37.4,0.43953,34.806787,100000
165,-132239.0,36.73,0.43733,33.616514,100000
166,-136603.0,37.95,0.43514,33.616514,100000
167,-139871.0,38.85,0.43297,33.616514,100000
168,-131342.0,36.48,0.4308,33.616514,100000
169,-141442.0,39.29,0.42865,34.247283,100000
170,-132944.0,36.93,0.4265,34.247283,100000
171,-134755.0,37.43,0.42437,34.247283,100000
172,-131705.0,36.58,0.42225,34.247283,100000
173,-138634.0,38.51,0.42014,34.133126,100000
174,-132724.0,36.87,0.41804,34.133126,100000
175,-128700.0,35.75,0.41595,34.133126,100000
176,-134855.0,37.46,0.41387,34.133126,100000
177,-134646.0,37.4,0.4118,33.741903,100000
178,-137509.0,38.2,0.40974,33.741903,100000
179,-131562.0,36.55,0.40769,33.741903,100000
180,-134389.0,37.33,0.40565,33.741903,100000
181,-141083.0,39.19,0.40362,35.290649,100000
182,-128984.0,35.83,0.40161,35.290649,100000
183,-135204.0,37.56,0.3996,35.290649,100000
184,-139865.0,38.85,0.3976,35.290649,100000
185,-136026.0,37.78,0.39561,34.520639,100000
186,-134946.0,37.48,0.39363,34.520639,100000
187,-133300.0,37.03,0.39167,34.520639,100000
188,-137874.0,38.3,0.38971,34.520639,100000
189,-131021.0,36.39,0.38776,35.992527,100000
190,-134760.0,37.43,0.38582,35.992527,100000
191,-138232.0,38.4,0.38389,35.992527,100000
192,-126138.0,35.04,0.38197,35.992527,100000
193,-137740.0,38.26,0.38006,34.266999,100000
194,-134920.0,37.48,0.37816,34.266999,100000
195,-128804.0,35.78,0.37627,34.266999,100000
196,-142671.0,39.63,0.37439,34.266999,100000
197,-126716.0,35.2,0.37252,34.901251,100000
198,-130412.0,36.23,0.37066,34.901251,100000
199,-134222.0,37.28,0.3688,34.901251,100000
200,-125521.0,34.87,0.36696,34.901251,100000
201,-139027.0,38.62,0.36512,35.420076,100000
202,-132276.0,36.74,0.3633,35.420076,100000
203,-127698.0,35.47,0.36148,35.420076,100000
204,-135016.0,37.5,0.35967,35.420076,100000
205,-126386.0,35.11,0.35788,36.069397,100000
206,-129509.0,35.97,0.35609,36.069397,100000
207,-135904.0,37.75,0.35431,36.069397,100000
208,-141101.0,39.19,0.35253,36.069397,100000
209,-133297.0,37.03,0.35077,35.888849,100000
210,-122027.0,33.9,0.34902,35.888849,100000
211,-124465.0,34.57,0.34727,35.888849,100000
212,-129861.0,36.07,0.34554,35.888849,100000
213,-129625.0,36.01,0.34381,35.740989,100000
214,-133077.0,36.97,0.34209,35.740989,100000
215,-136706.0,37.97,0.34038,35.740989,100000
216,-137111.0,38.09,0.33868,35.740989,100000
217,-130284.0,36.19,0.33698,36.581624,100000
218,-130487.0,36.25,0.3353,36.581624,100000
219,-135780.0,37.72,0.33362,36.581624,100000
220,-129651.0,36.01,0.33195,36.581624,100000
221,-126995.0,35.28,0.33029,36.183588,100000
222,-128476.0,35.69,0.32864,36.183588,100000
223,-133374.0,37.05,0.327,36.183588,100000
224,-132772.0,36.88,0.32536,36.183588,100000
225,-125129.0,34.76,0.32374,36.286535,100000
226,-134972.0,37.49,0.32212,36.286535,100000
227,-134394.0,37.33,0.32051,36.286535,100000
228,-133736.0,37.15,0.31891,36.286535,100000
229,-131255.0,36.46,0.31731,35.639103,100000
230,-130964.0,36.38,0.31572,35.639103,100000
231,-126364.0,35.1,0.31415,35.639103,100000
232,-138976.0,38.6,0.31258,35.639103,100000
233,-133255.0,37.02,0.31101,37.033325,100000
234,-133282.0,37.02,0.30946,37.033325,100000
235,-134220.0,37.28,0.30791,37.033325,100000
236,-123772.0,34.38,0.30637,37.033325,100000
237,-135117.0,37.53,0.30484,35.275531,100000
238,-126533.0,35.15,0.30331,35.275531,100000
239,-133046.0,36.96,0.3018,35.275531,100000
240,-133728.0,37.15,0.30029,35.275531,100000
241,-126139.0,35.04,0.29879,36.821537,100000
242,-117991.0,32.78,0.29729,36.821537,100000
243,-126479.0,35.13,0.29581,36.821537,100000
244,-126716.0,35.2,0.29433,36.821537,100000
245,-128080.0,35.58,0.29286,36.120677,100000
246,-130348.0,36.21,0.29139,36.120677,100000
247,-135499.0,37.64,0.28994,36.120677,100000
248,-132668.0,36.85,0.28849,36.120677,100000
249,-120396.0,33.44,0.28704,35.883446,100000
250,-122311.0,33.98,0.28561,35.883446,100000
251,-134466.0,37.35,0.28418,35.883446,100000
252,-126915.0,35.25,0.28276,35.883446,100000
253,-136313.0,37.86,0.28135,37.181452,100000
254,-129168.0,35.88,0.27994,37.181452,100000
255,-129495.0,35.97,0.27854,37.181452,100000
256,-135712.0,37.7,0.27715,37.181452,100000
257,-128132.0,35.59,0.27576,38.032369,100000
258,-132426.0,36.78,0.27438,38.032369,100000
259,-131545.0,36.54,0.27301,38.032369,100000
260,-137247.0,38.12,0.27164,38.032369,100000
261,-131014.0,36.39,0.27029,36.846315,100000
262,-130669.0,36.3,0.26893,36.846315,100000
263,-131591.0,36.55,0.26759,36.846315,100000
264,-128348.0,35.65,0.26625,36.846315,100000
265,-121940.0,33.87,0.26492,38.797007,100000
266,-126584.0,35.16,0.2636,38.797007,100000
267,-126365.0,35.1,0.26228,38.797007,100000
268,-129641.0,36.01,0.26097,38.797007,100000
269,-131320.0,36.48,0.25966,38.940432,100000
270,-129162.0,35.88,0.25836,38.940432,100000
271,-129354.0,35.93,0.25707,38.940432,100000
272,-127479.0,35.41,0.25579,38.940432,100000
273,-128046.0,35.57,0.25451,39.074788,100000
274,-127649.0,35.46,0.25324,39.074788,100000
275,-137631.0,38.23,0.25197,39.074788,100000
276,-132311.0,36.75,0.25071,39.074788,100000
277,-132739.0,36.87,0.24946,40.172078,100000
278,-123349.0,34.26,0.24821,40.172078,100000
279,-134182.0,37.27,0.24697,40.172078,100000
280,-125412.0,34.84,0.24573,40.172078,100000
281,-132186.0,36.72,0.2445,41.277524,100000
282,-138960.0,38.6,0.24328,41.277524,100000
283,-130340.0,36.21,0.24206,41.277524,100000
284,-138524.0,38.48,0.24085,41.277524,100000
285,-126130.0,35.04,0.23965,40.431623,100000
286,-134830.0,37.45,0.23845,40.431623,100000
287,-129800.0,36.06,0.23726,40.431623,100000
288,-128990.0,35.83,0.23607,40.431623,100000
289,-131292.0,36.47,0.23489,40.872251,100000
290,-135112.0,37.53,0.23372,40.872251,100000
291,-130238.0,36.18,0.23255,40.872251,100000
292,-136345.0,37.87,0.23139,40.872251,100000
293,-136771.0,37.99,0.23023,40.581704,100000
294,-136699.0,37.97,0.22908,40.581704,100000
295,-137862.0,38.3,0.22793,40.581704,100000
296,-135243.0,37.57,0.22679,40.581704,100000
297,-139360.0,38.71,0.22566,41.218621,100000
298,-139667.0,38.8,0.22453,41.218621,100000
299,-129476.0,35.97,0.22341,41.218621,100000
300,-139477.0,38.74,0.22229,41.218621,100000
301,-130759.0,36.32,0.22118,42.203902,100000
302,-132781.0,36.88,0.22007,42.203902,100000
303,-134395.0,37.33,0.21897,42.203902,100000
304,-124583.0,34.61,0.21788,42.203902,100000
305,-126531.0,35.15,0.21679,42.646138,100000
306,-135514.0,37.64,0.21571,42.646138,100000
307,-128059.0,35.57,0.21463,42.646138,100000
308,-135531.0,37.65,0.21355,42.646138,100000
309,-132994.0,36.94,0.21249,42.871313,100000
310,-127967.0,35.55,0.21142,42.871313,100000
311,-134119.0,37.26,0.21037,42.871313,100000
312,-126166.0,35.05,0.20932,42.871313,100000
313,-133221.0,37.01,0.20827,43.546179,100000
314,-130473.0,36.24,0.20723,43.546179,100000
315,-133634.0,37.12,0.20619,43.546179,100000
316,-132282.0,36.74,0.20516,43.546179,100000
317,-128520.0,35.7,0.20413,43.337982,100000
318,-128887.0,35.8,0.20311,43.337982,100000
319,-140685.0,39.08,0.2021,43.337982,100000
320,-139464.0,38.74,0.20109,43.337982,100000
321,-130605.0,36.28,0.20008,42.441141,100000
322,-132899.0,36.92,0.19908,42.441141,100000
323,-129587.0,36.0,0.19809,42.441141,100000
324,-128409.0,35.67,0.1971,42.441141,100000
325,-126193.0,35.05,0.19611,41.375265,100000
326,-136280.0,37.86,0.19513,41.375265,100000
327,-117001.0,32.5,0.19415,41.375265,100000
328,-132485.0,36.8,0.19318,41.375265,100000
329,-126696.0,35.19,0.19222,41.931849,100000
330,-127768.0,35.49,0.19126,41.931849,100000
331,-133660.0,37.13,0.1903,41.931849,100000
332,-146479.0,40.69,0.18935,41.931849,100000
333,-125967.0,34.99,0.1884,41.887479,100000
334,-134632.0,37.4,0.18746,41.887479,100000
335,-134330.0,37.31,0.18652,41.887479,100000
336,-130751.0,36.32,0.18559,41.887479,100000
337,-129481.0,35.97,0.18466,41.052953,100000
338,-131582.0,36.55,0.18374,41.052953,100000
339,-125088.0,34.75,0.18282,41.052953,100000
340,-126624.0,35.17,0.18191,41.052953,100000
341,-134719.0,37.42,0.181,41.176293,100000
342,-123819.0,34.39,0.18009,41.176293,100000
343,-126832.0,35.23,0.17919,41.176293,100000
344,-131707.0,36.59,0.1783,41.176293,100000
345,-126580.0,35.16,0.1774,41.946658,100000
346,-125386.0,34.83,0.17652,41.946658,100000
347,-129654.0,36.02,0.17563,41.946658,100000
348,-128828.0,35.79,0.17476,41.946658,100000
349,-140478.0,39.02,0.17388,41.517701,100000
350,-128209.0,35.61,0.17301,41.517701,100000
351,-127458.0,35.41,0.17215,41.517701,100000
352,-129358.0,35.93,0.17129,41.517701,100000
353,-133805.0,37.17,0.17043,40.998349,100000
354,-134172.0,37.27,0.16958,40.998349,100000
355,-135855.0,37.74,0.16873,40.998349,100000
356,-121086.0,33.63,0.16789,40.998349,100000
357,-126101.0,35.03,0.16705,41.196153,100000
358,-127638.0,35.45,0.16621,41.196153,100000
359,-136169.0,37.82,0.16538,41.196153,100000
360,-126968.0,35.27,0.16455,41.196153,100000
361,-122637.0,34.07,0.16373,41.426683,100000
362,-131986.0,36.66,0.16291,41.426683,100000
363,-124982.0,34.72,0.1621,41.426683,100000
364,-127018.0,35.28,0.16129,41.426683,100000
365,-122810.0,34.11,0.16048,41.932212,100000
366,-126566.0,35.16,0.15968,41.932212,100000
367,-127346.0,35.37,0.15888,41.932212,100000
368,-135098.0,37.53,0.15809,41.932212,100000
369,-132231.0,36.73,0.1573,42.041555,100000
370,-133846.0,37.18,0.15651,42.041555,100000
371,-124652.0,34.63,0.15573,42.041555,100000
372,-122118.0,33.92,0.15495,42.041555,100000
373,-129174.0,35.88,0.15417,39.797822,100000
374,-126978.0,35.27,0.1534,39.797822,100000
375,-134757.0,37.43,0.15264,39.797822,100000
376,-130854.0,36.35,0.15187,39.797822,100000
377,-128802.0,35.78,0.15111,41.212423,100000
378,-128911.0,35.81,0.15036,41.212423,100000
379,-117394.0,32.61,0.14961,41.212423,100000
380,-132403.0,36.78,0.14886,41.212423,100000
381,-133156.0,36.99,0.14811,42.118564,100000
382,-120831.0,33.56,0.14737,42.118564,100000
383,-127726.0,35.48,0.14664,42.118564,100000
384,-121504.0,33.75,0.1459,42.118564,100000
385,-128754.0,35.77,0.14517,42.169409,100000
386,-142026.0,39.45,0.14445,42.169409,100000
387,-124404.0,34.56,0.14372,42.169409,100000
388,-126009.0,35.0,0.14301,42.169409,100000
389,-135646.0,37.68,0.14229,41.221887,100000
390,-129611.0,36.0,0.14158,41.221887,100000
391,-131750.0,36.6,0.14087,41.221887,100000
392,-127310.0,35.36,0.14017,41.221887,100000
393,-134621.0,37.39,0.13947,42.780313,100000
394,-130017.0,36.12,0.13877,42.780313,100000
395,-128107.0,35.59,0.13808,42.780313,100000
396,-128457.0,35.68,0.13739,42.780313,100000
397,-125780.0,34.94,0.1367,40.886626,100000
398,-132841.0,36.9,0.13601,40.886626,100000
399,-131329.0,36.48,0.13533,40.886626,100000
400,-128139.0,35.59,0.13466,40.886626,100000
401,-136539.0,37.93,0.13398,41.774308,100000
402,-132114.0,36.7,0.13331,41.774308,100000
403,-128996.0,35.83,0.13265,41.774308,100000
404,-136947.0,38.04,0.13199,41.774308,100000
405,-130385.0,36.22,0.13133,41.966785,100000
406,-130178.0,36.16,0.13067,41.966785,100000
407,-137288.0,38.14,0.13002,41.966785,100000
408,-137377.0,38.16,0.12937,41.966785,100000
409,-132224.0,36.73,0.12872,42.490932,100000
410,-142661.0,39.63,0.12807,42.490932,100000
411,-132408.0,36.78,0.12743,42.490932,100000
412,-122651.0,34.07,0.1268,42.490932,100000
413,-134100.0,37.25,0.12616,43.027012,100000
414,-128813.0,35.78,0.12553,43.027012,100000
415,-139639.0,38.79,0.1249,43.027012,100000
416,-124443.0,34.57,0.12428,43.027012,100000
417,-125621.0,34.89,0.12366,42.506068,100000
418,-127796.0,35.5,0.12304,42.506068,100000
419,-129946.0,36.1,0.12243,42.506068,100000
420,-127823.0,35.51,0.12181,42.506068,100000
421,-131980.0,36.66,0.1212,43.454721,100000
422,-137960.0,38.32,0.1206,43.454721,100000
423,-129810.0,36.06,0.12,43.454721,100000
424,-128856.0,35.79,0.1194,43.454721,100000
425,-129884.0,36.08,0.1188,43.862786,100000
426,-121051.0,33.63,0.1182,43.862786,100000
427,-125575.0,34.88,0.11761,43.862786,100000
428,-126642.0,35.18,0.11702,43.862786,100000
429,-123852.0,34.4,0.11644,44.266747,100000
430,-129090.0,35.86,0.11586,44.266747,100000
431,-125586.0,34.88,0.11528,44.266747,100000
432,-133455.0,37.07,0.1147,44.266747,100000
433,-135025.0,37.51,0.11413,43.771653,100000
434,-126715.0,35.2,0.11356,43.771653,100000
435,-124296.0,34.53,0.11299,43.771653,100000
436,-126550.0,35.15,0.11243,43.771653,100000
437,-120809.0,33.56,0.11186,43.385178,100000
438,-127782.0,35.49,0.1113,43.385178,100000
439,-130509.0,36.25,0.11075,43.385178,100000
440,-130728.0,36.31,0.11019,43.385178,100000
441,-130455.0,36.24,0.10964,43.175601,100000
442,-122534.0,34.04,0.10909,43.175601,100000
443,-128965.0,35.82,0.10855,43.175601,100000
444,-131016.0,36.39,0.10801,43.175601,100000
